Approach,apfd
random_apfd,0.5016454253482633
deepGini_apfd,0.6073893039167878
leastConfidence_apfd,0.6077970459763381
margin_apfd,0.6077970459763381
