Approach,mutation_feature_apfd,mutation_model_apfd,fusion_2_feature_apfd,fusion_3_feature_apfd
lr,0.49705969544963785,0.49705969544963785,0.49705969544963785,0.7953984978709984
rf,0.49705969544963785,0.49705969544963785,0.49705969544963785,0.8790827095944586
xgb,0.49705969544963785,0.49705969544963785,0.49705969544963785,0.8808007336260963
lgb,0.49705969544963785,0.49705969544963785,0.49705969544963785,0.8802524853517403
