Approach,apfd
random_apfd,0.48863338256523475
deepGini_apfd,0.4549046270910922
leastConfidence_apfd,0.45163886883893584
margin_apfd,0.45163886883893584
