Approach,apfd
random_apfd,0.5035304577558968
deepGini_apfd,0.7039739636383173
leastConfidence_apfd,0.7037374727163932
margin_apfd,0.7037374727163932
