Approach,mutation_feature_apfd,mutation_model_apfd,fusion_2_feature_apfd,fusion_3_feature_apfd
lr,0.49705969544963785,0.49705969544963785,0.49705969544963785,0.7923974621814079
rf,0.49705969544963785,0.49705969544963785,0.49705969544963785,0.8632439375007582
xgb,0.49705969544963785,0.49705969544963785,0.49705969544963785,0.8590196356434924
lgb,0.49705969544963785,0.49705969544963785,0.49705969544963785,0.8605657018427086
