Approach,apfd
random_apfd,0.498904380567855
deepGini_apfd,0.545862792202904
leastConfidence_apfd,0.5465843120505208
margin_apfd,0.5465843120505208
