Approach,mutation_feature_apfd,mutation_model_apfd,fusion_2_feature_apfd,fusion_3_feature_apfd
lr,0.4989786674474128,0.5684147817851057,0.5684147817851057,0.7113215642220756
rf,0.4989786674474128,0.5684147817851057,0.5684147817851057,0.7952797429065728
xgb,0.4989786674474128,0.5684147817851057,0.5684147817851057,0.8237914952864471
lgb,0.4989786674474128,0.5684147817851057,0.5684147817851057,0.8243198731489403
