Approach,apfd
random_apfd,0.5006228523867736
deepGini_apfd,0.4705409298242794
leastConfidence_apfd,0.4719137759425347
margin_apfd,0.4719137759425347
