Approach,apfd
random_apfd,0.5005076636157056
deepGini_apfd,0.5345282068393777
leastConfidence_apfd,0.5346861707012037
margin_apfd,0.5346861707012037
