Approach,apfd
random_apfd,0.5018110266726201
deepGini_apfd,0.6936974198809363
leastConfidence_apfd,0.693655552602654
margin_apfd,0.693655552602654
