Approach,mutation_feature_apfd,mutation_model_apfd,fusion_2_feature_apfd,fusion_3_feature_apfd
lr,0.49705969544963785,0.49705969544963785,0.49705969544963785,0.5610363871265149
rf,0.49705969544963785,0.49705969544963785,0.49705969544963785,0.7649232179466962
xgb,0.49705969544963785,0.49705969544963785,0.49705969544963785,0.7466004967670715
lgb,0.49705969544963785,0.49705969544963785,0.49705969544963785,0.7534297550738176
