Approach,apfd
random_apfd,0.5067354787714543
deepGini_apfd,0.8536559620596206
leastConfidence_apfd,0.8538232158988256
margin_apfd,0.8491305781391147
