Approach,apfd
random_apfd,0.5053526839739823
deepGini_apfd,0.7170938914767537
leastConfidence_apfd,0.717061399207934
margin_apfd,0.717061399207934
