Approach,apfd
random_apfd,0.49869029155251055
deepGini_apfd,0.5278721301900919
leastConfidence_apfd,0.5310884269614548
margin_apfd,0.5310884269614548
