Approach,apfd
random_apfd,0.49654430940031224
deepGini_apfd,0.6339948945600644
leastConfidence_apfd,0.6333706509175825
margin_apfd,0.6333706509175825
