Approach,apfd
random_apfd,0.5023580186843356
deepGini_apfd,0.6494536252249323
leastConfidence_apfd,0.649679324210498
margin_apfd,0.649679324210498
