Approach,mutation_feature_apfd,mutation_model_apfd,fusion_2_feature_apfd,fusion_3_feature_apfd
lr,0.4989786674474128,0.5684147817851057,0.5684147817851057,0.7040116577757416
rf,0.4989786674474128,0.5684147817851057,0.5684147817851057,0.7994297082753267
xgb,0.4989786674474128,0.5684147817851057,0.5684147817851057,0.8200551561115705
lgb,0.4989786674474128,0.5684147817851057,0.5684147817851057,0.8217369901072105
