Approach,mutation_feature_apfd,mutation_model_apfd,fusion_2_feature_apfd,fusion_3_feature_apfd
lr,0.49705969544963785,0.49705969544963785,0.49705969544963785,0.8042027692186382
rf,0.49705969544963785,0.49705969544963785,0.49705969544963785,0.8620525153761237
xgb,0.49705969544963785,0.49705969544963785,0.49705969544963785,0.8587331529848483
lgb,0.49705969544963785,0.49705969544963785,0.49705969544963785,0.8615765606613857
