Approach,mutation_feature_apfd,mutation_model_apfd,fusion_2_feature_apfd,fusion_3_feature_apfd
lr,0.49705969544963785,0.49705969544963785,0.49705969544963785,0.641562048876057
rf,0.49705969544963785,0.49705969544963785,0.49705969544963785,0.7641687415840744
xgb,0.49705969544963785,0.49705969544963785,0.49705969544963785,0.7512212948697731
lgb,0.49705969544963785,0.49705969544963785,0.49705969544963785,0.7546234138633799
