Approach,apfd
random_apfd,0.49603109494983805
deepGini_apfd,0.49705969544963785
leastConfidence_apfd,0.5030743528077348
margin_apfd,0.5030743528077348
