Approach,mutation_feature_apfd,mutation_model_apfd,fusion_2_feature_apfd,fusion_3_feature_apfd
lr,0.49705969544963785,0.49705969544963785,0.49705969544963785,0.764857141557386
rf,0.49705969544963785,0.49705969544963785,0.49705969544963785,0.8814283266410298
xgb,0.49705969544963785,0.49705969544963785,0.49705969544963785,0.8827666862785536
lgb,0.49705969544963785,0.49705969544963785,0.49705969544963785,0.8823198082078779
