Approach,apfd
random_apfd,0.5075470382007207
deepGini_apfd,0.5829435344461563
leastConfidence_apfd,0.5800887918066794
margin_apfd,0.5800887918066794
