Approach,apfd
random_apfd,0.5018130059032396
deepGini_apfd,0.6605687996779431
leastConfidence_apfd,0.6612666618228292
margin_apfd,0.6612666618228292
