Approach,mutation_feature_apfd,mutation_model_apfd,fusion_2_feature_apfd,fusion_3_feature_apfd
lr,0.49705969544963785,0.49705969544963785,0.49705969544963785,0.7668210850023656
rf,0.49705969544963785,0.49705969544963785,0.49705969544963785,0.8821803009716983
xgb,0.49705969544963785,0.49705969544963785,0.49705969544963785,0.88176621468344
lgb,0.49705969544963785,0.49705969544963785,0.49705969544963785,0.8819298703189257
