Approach,mutation_feature_apfd,mutation_model_apfd,fusion_2_feature_apfd,fusion_3_feature_apfd
lr,0.4989786674474128,0.513534330430613,0.513534330430613,0.7009179628830371
rf,0.4989786674474128,0.513534330430613,0.513534330430613,0.7790721178522928
xgb,0.4989786674474128,0.513534330430613,0.513534330430613,0.7985032710048543
lgb,0.4989786674474128,0.513534330430613,0.513534330430613,0.8010526136400603
