Approach,apfd
random_apfd,0.4999991346270505
deepGini_apfd,0.5819534721272316
leastConfidence_apfd,0.5821902381662124
margin_apfd,0.5821902381662124
