Approach,apfd
random_apfd,0.501306953759474
deepGini_apfd,0.6256946128160165
leastConfidence_apfd,0.6251399338259424
margin_apfd,0.6251399338259424
