Approach,mutation_feature_apfd,mutation_model_apfd,fusion_2_feature_apfd,fusion_3_feature_apfd
lr,0.49705969544963785,0.49705969544963785,0.49705969544963785,0.6589928714835079
rf,0.49705969544963785,0.49705969544963785,0.49705969544963785,0.7752521744932248
xgb,0.49705969544963785,0.49705969544963785,0.49705969544963785,0.7647854924605437
lgb,0.49705969544963785,0.49705969544963785,0.49705969544963785,0.7645756629626485
