Approach,apfd
random_apfd,0.5044016154674691
deepGini_apfd,0.5809185987532441
leastConfidence_apfd,0.5816541390919105
margin_apfd,0.5816541390919105
