Approach,apfd
random_apfd,0.502725963813036
deepGini_apfd,0.5713305805927239
leastConfidence_apfd,0.568463441522206
margin_apfd,0.568463441522206
