Approach,mutation_feature_apfd,mutation_model_apfd,fusion_2_feature_apfd,fusion_3_feature_apfd
lr,0.49705969544963785,0.49705969544963785,0.49705969544963785,0.7983598422355125
rf,0.49705969544963785,0.49705969544963785,0.49705969544963785,0.8822290905947862
xgb,0.49705969544963785,0.49705969544963785,0.49705969544963785,0.881872626860602
lgb,0.49705969544963785,0.49705969544963785,0.49705969544963785,0.8822349286693436
