Approach,apfd
random_apfd,0.5022235853188362
deepGini_apfd,0.6141024637680146
leastConfidence_apfd,0.6141082479353435
margin_apfd,0.6141082479353435
