Approach,apfd
random_apfd,0.49902672729569286
deepGini_apfd,0.8456408172287483
leastConfidence_apfd,0.8422335227990401
margin_apfd,0.837836686876342
