Approach,mutation_feature_apfd,mutation_model_apfd,fusion_2_feature_apfd,fusion_3_feature_apfd
lr,0.49705969544963785,0.49705969544963785,0.49705969544963785,0.7910553115863793
rf,0.49705969544963785,0.49705969544963785,0.49705969544963785,0.8844099147186201
xgb,0.49705969544963785,0.49705969544963785,0.49705969544963785,0.880909913202237
lgb,0.49705969544963785,0.49705969544963785,0.49705969544963785,0.8817215192944574
