Approach,apfd
random_apfd,0.49687850749455065
deepGini_apfd,0.6586777302163885
leastConfidence_apfd,0.6587096904593622
margin_apfd,0.6587096904593622
