Approach,apfd
random_apfd,0.502820477625001
deepGini_apfd,0.6538372165809523
leastConfidence_apfd,0.6536984995466306
margin_apfd,0.6536984995466306
