Approach,mutation_feature_apfd,mutation_model_apfd,fusion_2_feature_apfd,fusion_3_feature_apfd
lr,0.49705969544963785,0.49705969544963785,0.49705969544963785,0.6140445877257895
rf,0.49705969544963785,0.49705969544963785,0.49705969544963785,0.7748496506253564
xgb,0.49705969544963785,0.49705969544963785,0.49705969544963785,0.763271725219269
lgb,0.49705969544963785,0.49705969544963785,0.49705969544963785,0.7642625677823203
