Approach,apfd
random_apfd,0.4910196765858333
deepGini_apfd,0.5956847909817671
leastConfidence_apfd,0.5936996560843352
margin_apfd,0.5936996560843352
