Approach,apfd
random_apfd,0.49503666829138104
deepGini_apfd,0.421070457471759
leastConfidence_apfd,0.4206296475735891
margin_apfd,0.4206296475735891
