Approach,mutation_feature_apfd,mutation_model_apfd,fusion_2_feature_apfd,fusion_3_feature_apfd
lr,0.49705969544963785,0.49705969544963785,0.49705969544963785,0.7735653121322772
rf,0.49705969544963785,0.49705969544963785,0.49705969544963785,0.8746463036647945
xgb,0.49705969544963785,0.49705969544963785,0.49705969544963785,0.8756403685417249
lgb,0.49705969544963785,0.49705969544963785,0.49705969544963785,0.8755357760241651
