Approach,apfd
random_apfd,0.4982185874862206
deepGini_apfd,0.5905681330688115
leastConfidence_apfd,0.5902960525627904
margin_apfd,0.5902960525627904
