Approach,apfd
random_apfd,0.4983078981368537
deepGini_apfd,0.592395240771594
leastConfidence_apfd,0.5921744913251854
margin_apfd,0.5921744913251854
