Approach,apfd
random_apfd,0.4940003045034129
deepGini_apfd,0.725550014142095
leastConfidence_apfd,0.7254357671323737
margin_apfd,0.7254357671323737
