Approach,mutation_feature_apfd,mutation_model_apfd,fusion_2_feature_apfd,fusion_3_feature_apfd
lr,0.49705969544963785,0.49705969544963785,0.49705969544963785,0.7485945404146398
rf,0.49705969544963785,0.49705969544963785,0.49705969544963785,0.8760698082078779
xgb,0.49705969544963785,0.49705969544963785,0.49705969544963785,0.8769410839712252
lgb,0.49705969544963785,0.49705969544963785,0.49705969544963785,0.8760741298994336
