Approach,apfd
random_apfd,0.4981002115918285
deepGini_apfd,0.6936974198809363
leastConfidence_apfd,0.693655552602654
margin_apfd,0.693655552602654
