Approach,apfd
random_apfd,0.5042816982013548
deepGini_apfd,0.8417342560149498
leastConfidence_apfd,0.8403158724597056
margin_apfd,0.8329187923382387
