Approach,mutation_feature_apfd,mutation_model_apfd,fusion_2_feature_apfd,fusion_3_feature_apfd
lr,0.49705969544963785,0.49705969544963785,0.49705969544963785,0.7951434043404947
rf,0.49705969544963785,0.49705969544963785,0.49705969544963785,0.866593134727597
xgb,0.49705969544963785,0.49705969544963785,0.49705969544963785,0.8605749896885956
lgb,0.49705969544963785,0.49705969544963785,0.49705969544963785,0.8609378980505381
