Approach,apfd
random_apfd,0.5003412858169306
deepGini_apfd,0.5145334384232424
leastConfidence_apfd,0.5146917860122932
margin_apfd,0.5146917860122932
