Approach,mutation_feature_apfd,mutation_model_apfd,fusion_2_feature_apfd,fusion_3_feature_apfd
lr,0.49705969544963785,0.49705969544963785,0.49705969544963785,0.7472537166547378
rf,0.49705969544963785,0.49705969544963785,0.49705969544963785,0.8815891011488118
xgb,0.49705969544963785,0.49705969544963785,0.49705969544963785,0.8808313266531608
lgb,0.49705969544963785,0.49705969544963785,0.49705969544963785,0.8811755076850291
