Approach,apfd
random_apfd,0.5119621768587823
deepGini_apfd,0.40680992442347114
leastConfidence_apfd,0.3995318167481469
margin_apfd,0.3995318167481469
