Approach,mutation_feature_apfd,mutation_model_apfd,fusion_2_feature_apfd,fusion_3_feature_apfd
lr,0.49705969544963785,0.49705969544963785,0.49705969544963785,0.7748598862106196
rf,0.49705969544963785,0.49705969544963785,0.49705969544963785,0.8758667266143414
xgb,0.49705969544963785,0.49705969544963785,0.49705969544963785,0.8755454050562276
lgb,0.49705969544963785,0.49705969544963785,0.49705969544963785,0.8749523855737388
