Approach,mutation_feature_apfd,mutation_model_apfd,fusion_2_feature_apfd,fusion_3_feature_apfd
lr,0.49705969544963785,0.49705969544963785,0.49705969544963785,0.7679454829983138
rf,0.49705969544963785,0.49705969544963785,0.49705969544963785,0.8825486683124477
xgb,0.49705969544963785,0.49705969544963785,0.49705969544963785,0.8823261011973361
lgb,0.49705969544963785,0.49705969544963785,0.49705969544963785,0.8827984545024444
