Approach,mutation_feature_apfd,mutation_model_apfd,fusion_2_feature_apfd,fusion_3_feature_apfd
lr,0.5478875248769145,0.5887343670029778,0.5919335418627424,0.6091235470881752
rf,0.5478875248769145,0.5887343670029778,0.5919335418627424,0.6015681470107939
xgb,0.5478875248769145,0.5887343670029778,0.5919335418627424,0.6230146112077971
lgb,0.5478875248769145,0.5887343670029778,0.5919335418627424,0.6281118428018079
