Approach,mutation_feature_apfd,mutation_model_apfd,fusion_2_feature_apfd,fusion_3_feature_apfd
lr,0.4989786674474128,0.4989786674474128,0.4989786674474128,0.6811842667232506
rf,0.4989786674474128,0.4989786674474128,0.4989786674474128,0.7895501951981784
xgb,0.4989786674474128,0.4989786674474128,0.4989786674474128,0.8026441913334229
lgb,0.4989786674474128,0.4989786674474128,0.4989786674474128,0.804767116612773
