Approach,mutation_feature_apfd,mutation_model_apfd,fusion_2_feature_apfd,fusion_3_feature_apfd
lr,0.49705969544963785,0.49705969544963785,0.49705969544963785,0.8050354151250106
rf,0.49705969544963785,0.49705969544963785,0.49705969544963785,0.8815135473657395
xgb,0.49705969544963785,0.49705969544963785,0.49705969544963785,0.8812967804156103
lgb,0.49705969544963785,0.49705969544963785,0.49705969544963785,0.8828264696784055
