Approach,mutation_feature_apfd,mutation_model_apfd,fusion_2_feature_apfd,fusion_3_feature_apfd
lr,0.49705969544963785,0.49705969544963785,0.49705969544963785,0.8049017838729635
rf,0.49705969544963785,0.49705969544963785,0.49705969544963785,0.8811292959130446
xgb,0.49705969544963785,0.49705969544963785,0.49705969544963785,0.8823787955066539
lgb,0.49705969544963785,0.49705969544963785,0.49705969544963785,0.8826995484211421
