Approach,apfd
random_apfd,0.49881207929275706
deepGini_apfd,0.5137347534106339
leastConfidence_apfd,0.5138598501552839
margin_apfd,0.5138598501552839
