Approach,mutation_feature_apfd,mutation_model_apfd,fusion_2_feature_apfd,fusion_3_feature_apfd
lr,0.5388778601290015,0.5813185729946587,0.5826484284730172,0.606000952992788
rf,0.5388778601290015,0.5813185729946587,0.5826484284730172,0.5904055458913368
xgb,0.5388778601290015,0.5813185729946587,0.5826484284730172,0.63085553159098
lgb,0.5388778601290015,0.5813185729946587,0.5826484284730172,0.6398455178914312
