Approach,apfd
random_apfd,0.4967344402619368
deepGini_apfd,0.6053899798015273
leastConfidence_apfd,0.6057554174239904
margin_apfd,0.6057554174239904
