Approach,apfd
random_apfd,0.5024670483037835
deepGini_apfd,0.5881554027120534
leastConfidence_apfd,0.5876035072363218
margin_apfd,0.5876035072363218
