Approach,apfd
random_apfd,0.49944116112674497
deepGini_apfd,0.5573321232810298
leastConfidence_apfd,0.557264674175947
margin_apfd,0.557264674175947
