Approach,mutation_feature_apfd,mutation_model_apfd,fusion_2_feature_apfd,fusion_3_feature_apfd
lr,0.49705969544963785,0.49705969544963785,0.49705969544963785,0.7992948439945168
rf,0.49705969544963785,0.49705969544963785,0.49705969544963785,0.8620806063712348
xgb,0.49705969544963785,0.49705969544963785,0.49705969544963785,0.8595198145766866
lgb,0.49705969544963785,0.49705969544963785,0.49705969544963785,0.8604926121820146
