Approach,apfd
random_apfd,0.49971653698097673
deepGini_apfd,0.7204584135061627
leastConfidence_apfd,0.7201878775188204
margin_apfd,0.7201878775188204
