Approach,apfd
random_apfd,0.4964281830903855
deepGini_apfd,0.6004075517527904
leastConfidence_apfd,0.6006461937221269
margin_apfd,0.6006461937221269
