Approach,apfd
random_apfd,0.5061975023732554
deepGini_apfd,0.592395240771594
leastConfidence_apfd,0.5921744913251854
margin_apfd,0.5921744913251854
