Approach,apfd
random_apfd,0.4957824472071596
deepGini_apfd,0.7881435105585681
leastConfidence_apfd,0.7805240995459154
margin_apfd,0.7618363598289468
