Approach,apfd
random_apfd,0.4959064205577226
deepGini_apfd,0.6926565803210827
leastConfidence_apfd,0.6924789986201072
margin_apfd,0.6924789986201072
