Approach,apfd
random_apfd,0.5007121798911548
deepGini_apfd,0.5218279396399826
leastConfidence_apfd,0.5211113865461566
margin_apfd,0.5211113865461566
