Approach,apfd
random_apfd,0.4961001292351017
deepGini_apfd,0.6050546897169846
leastConfidence_apfd,0.6050035201431454
margin_apfd,0.6050035201431454
