Approach,apfd
random_apfd,0.4999943250962404
deepGini_apfd,0.45343504015322955
leastConfidence_apfd,0.45387981820236734
margin_apfd,0.45387981820236734
