Approach,apfd
random_apfd,0.5087108201273806
deepGini_apfd,0.5576399844192389
leastConfidence_apfd,0.5572544638437911
margin_apfd,0.5572544638437911
