Approach,apfd
random_apfd,0.4961162122694498
deepGini_apfd,0.6538272369590153
leastConfidence_apfd,0.6536468942665472
margin_apfd,0.6536468942665472
