Approach,apfd
random_apfd,0.5039417730752368
deepGini_apfd,0.5345282068393777
leastConfidence_apfd,0.5346861707012037
margin_apfd,0.5346861707012037
