Approach,apfd
random_apfd,0.5006322627037393
deepGini_apfd,0.8362271918610845
leastConfidence_apfd,0.8355030840524129
margin_apfd,0.8340892670714818
