Approach,apfd
random_apfd,0.4985252508407034
deepGini_apfd,0.6453289316208161
leastConfidence_apfd,0.6454737687235244
margin_apfd,0.6454737687235244
