Approach,apfd
random_apfd,0.4971680812847016
deepGini_apfd,0.6349645727118763
leastConfidence_apfd,0.63555193565143
margin_apfd,0.63555193565143
