Approach,mutation_feature_apfd,mutation_model_apfd,fusion_2_feature_apfd,fusion_3_feature_apfd
lr,0.49705969544963785,0.49705969544963785,0.49705969544963785,0.7879589712251162
rf,0.49705969544963785,0.49705969544963785,0.49705969544963785,0.848943232685939
xgb,0.49705969544963785,0.49705969544963785,0.49705969544963785,0.8491747843703371
lgb,0.49705969544963785,0.49705969544963785,0.49705969544963785,0.8495868235415429
