Approach,apfd
random_apfd,0.49756386394042273
deepGini_apfd,0.545804108952724
leastConfidence_apfd,0.5449360834151862
margin_apfd,0.5449360834151862
