Approach,apfd
random_apfd,0.5038141598186764
deepGini_apfd,0.6535781948792133
leastConfidence_apfd,0.6530365157807336
margin_apfd,0.6530365157807336
