Approach,apfd
random_apfd,0.48871919734151326
deepGini_apfd,0.8543737730061349
leastConfidence_apfd,0.8539394938650307
margin_apfd,0.8472277096114519
