Approach,mutation_feature_apfd,mutation_model_apfd,fusion_2_feature_apfd,fusion_3_feature_apfd
lr,0.49705969544963785,0.49705969544963785,0.49705969544963785,0.7567161361348004
rf,0.49705969544963785,0.49705969544963785,0.49705969544963785,0.8754235257724455
xgb,0.49705969544963785,0.49705969544963785,0.49705969544963785,0.8773937242973081
lgb,0.49705969544963785,0.49705969544963785,0.49705969544963785,0.8755386950614439
