Approach,apfd
random_apfd,0.5007686834175357
deepGini_apfd,0.5592321694189798
leastConfidence_apfd,0.5605372008165843
margin_apfd,0.5605372008165843
