Approach,apfd
random_apfd,0.49490372156431517
deepGini_apfd,0.6867946761126389
leastConfidence_apfd,0.6861270123952765
margin_apfd,0.6861270123952765
