Approach,apfd
random_apfd,0.48574530731956134
deepGini_apfd,0.8565463019637848
leastConfidence_apfd,0.8561064141800562
margin_apfd,0.8494043993879112
