Approach,mutation_feature_apfd,mutation_model_apfd,fusion_2_feature_apfd,fusion_3_feature_apfd
lr,0.49705969544963785,0.49705969544963785,0.49705969544963785,0.7683411073235235
rf,0.49705969544963785,0.49705969544963785,0.49705969544963785,0.882607883068674
xgb,0.49705969544963785,0.49705969544963785,0.49705969544963785,0.8818527243337013
lgb,0.49705969544963785,0.49705969544963785,0.49705969544963785,0.8821519066999867
