Approach,mutation_feature_apfd,mutation_model_apfd,fusion_2_feature_apfd,fusion_3_feature_apfd
lr,0.49705969544963785,0.49705969544963785,0.49705969544963785,0.7617708093239358
rf,0.49705969544963785,0.49705969544963785,0.49705969544963785,0.8721819159195954
xgb,0.49705969544963785,0.49705969544963785,0.49705969544963785,0.8736409038249245
lgb,0.49705969544963785,0.49705969544963785,0.49705969544963785,0.8743614132083025
