Approach,mutation_feature_apfd,mutation_model_apfd,fusion_2_feature_apfd,fusion_3_feature_apfd
lr,0.49705969544963785,0.49705969544963785,0.49705969544963785,0.7560507851831185
rf,0.49705969544963785,0.49705969544963785,0.49705969544963785,0.8803962763699005
xgb,0.49705969544963785,0.49705969544963785,0.49705969544963785,0.882272497058217
lgb,0.49705969544963785,0.49705969544963785,0.49705969544963785,0.8812102707653489
