Approach,mutation_feature_apfd,mutation_model_apfd,fusion_2_feature_apfd,fusion_3_feature_apfd
lr,0.4989786674474128,0.5684828330960272,0.5684828330960272,0.7142940245203664
rf,0.4989786674474128,0.5684828330960272,0.5684828330960272,0.8000642974251448
xgb,0.4989786674474128,0.5684828330960272,0.5684828330960272,0.8205769345885209
lgb,0.4989786674474128,0.5684828330960272,0.5684828330960272,0.8220505385603262
