Approach,apfd
random_apfd,0.5031483339230078
deepGini_apfd,0.701296884072942
leastConfidence_apfd,0.7022873159732226
margin_apfd,0.7022873159732226
