Approach,apfd
random_apfd,0.5044925162689805
deepGini_apfd,0.8488737406604001
leastConfidence_apfd,0.8483940347071584
margin_apfd,0.8410484574596289
