Approach,apfd
random_apfd,0.5045014796986984
deepGini_apfd,0.7119924694023372
leastConfidence_apfd,0.712380222122895
margin_apfd,0.712380222122895
