Approach,apfd
random_apfd,0.5051480642022387
deepGini_apfd,0.6886812851596822
leastConfidence_apfd,0.6860002653729387
margin_apfd,0.6860002653729387
