Approach,apfd
random_apfd,0.5039683256763655
deepGini_apfd,0.8566742215416029
leastConfidence_apfd,0.856243415007657
margin_apfd,0.849510336906585
