Approach,mutation_feature_apfd,mutation_model_apfd,fusion_2_feature_apfd,fusion_3_feature_apfd
lr,0.49705969544963785,0.49705969544963785,0.49705969544963785,0.8064519443062851
rf,0.49705969544963785,0.49705969544963785,0.49705969544963785,0.8796844861887837
xgb,0.49705969544963785,0.49705969544963785,0.49705969544963785,0.879911526633751
lgb,0.49705969544963785,0.49705969544963785,0.49705969544963785,0.8819382862445866
