Approach,mutation_feature_apfd,mutation_model_apfd,fusion_2_feature_apfd,fusion_3_feature_apfd
lr,0.4989786674474128,0.4989786674474128,0.4989786674474128,0.7140733915337026
rf,0.4989786674474128,0.4989786674474128,0.4989786674474128,0.7483789579911844
xgb,0.4989786674474128,0.4989786674474128,0.4989786674474128,0.7823904441829017
lgb,0.4989786674474128,0.4989786674474128,0.4989786674474128,0.7853487352122327
