Approach,mutation_feature_apfd,mutation_model_apfd,fusion_2_feature_apfd,fusion_3_feature_apfd
lr,0.49705969544963785,0.49705969544963785,0.49705969544963785,0.7867547735736902
rf,0.49705969544963785,0.49705969544963785,0.49705969544963785,0.8817432414809604
xgb,0.49705969544963785,0.49705969544963785,0.49705969544963785,0.8827266158577269
lgb,0.49705969544963785,0.49705969544963785,0.49705969544963785,0.8812537909575049
