Approach,mutation_feature_apfd,mutation_model_apfd,fusion_2_feature_apfd,fusion_3_feature_apfd
lr,0.49705969544963785,0.49705969544963785,0.49705969544963785,0.6206587091941335
rf,0.49705969544963785,0.49705969544963785,0.49705969544963785,0.7780557771159609
xgb,0.49705969544963785,0.49705969544963785,0.49705969544963785,0.7629041918891707
lgb,0.49705969544963785,0.49705969544963785,0.49705969544963785,0.766001517899385
