Approach,apfd
random_apfd,0.4961055504908576
deepGini_apfd,0.4500093778844435
leastConfidence_apfd,0.45059395591109774
margin_apfd,0.45059395591109774
