Approach,mutation_feature_apfd,mutation_model_apfd,fusion_2_feature_apfd,fusion_3_feature_apfd
lr,0.4989786674474128,0.5684147817851057,0.5684147817851057,0.7080410096687209
rf,0.4989786674474128,0.5684147817851057,0.5684147817851057,0.8086742634134646
xgb,0.4989786674474128,0.5684147817851057,0.5684147817851057,0.823203878233728
lgb,0.4989786674474128,0.5684147817851057,0.5684147817851057,0.8249311703497837
