Approach,apfd
random_apfd,0.5047507024848662
deepGini_apfd,0.5341390027995472
leastConfidence_apfd,0.5343770865176006
margin_apfd,0.5343770865176006
