Approach,apfd
random_apfd,0.5043462776786964
deepGini_apfd,0.5926742589103544
leastConfidence_apfd,0.5916373013419967
margin_apfd,0.5916373013419967
