Approach,apfd
random_apfd,0.5004900551675372
deepGini_apfd,0.6047173005354864
leastConfidence_apfd,0.605052721969982
margin_apfd,0.605052721969982
