Approach,mutation_feature_apfd,mutation_model_apfd,fusion_2_feature_apfd,fusion_3_feature_apfd
lr,0.49705969544963785,0.49705969544963785,0.49705969544963785,0.8012636398651026
rf,0.49705969544963785,0.49705969544963785,0.49705969544963785,0.86004273925491
xgb,0.49705969544963785,0.49705969544963785,0.49705969544963785,0.8569109913505514
lgb,0.49705969544963785,0.49705969544963785,0.49705969544963785,0.8584796516564969
