Approach,mutation_feature_apfd,mutation_model_apfd,fusion_2_feature_apfd,fusion_3_feature_apfd
lr,0.4989786674474128,0.5684147817851057,0.5684147817851057,0.7025851811806954
rf,0.4989786674474128,0.5684147817851057,0.5684147817851057,0.7994242734872326
xgb,0.4989786674474128,0.5684147817851057,0.5684147817851057,0.8185232834474134
lgb,0.4989786674474128,0.5684147817851057,0.5684147817851057,0.8195005942164383
