Approach,apfd
random_apfd,0.504923262768978
deepGini_apfd,0.5177786656886415
leastConfidence_apfd,0.5175553198857562
margin_apfd,0.5175553198857562
