Approach,mutation_feature_apfd,mutation_model_apfd,fusion_2_feature_apfd,fusion_3_feature_apfd
lr,0.4989786674474128,0.6777021397614764,0.6776815457965912,0.7082193871779529
rf,0.4989786674474128,0.6783807701048146,0.678387641229762,0.7558236471822526
xgb,0.4989786674474128,0.6782090696209553,0.6782090696209553,0.7958545105674408
lgb,0.4989786674474128,0.6783257040554467,0.6783257040554467,0.7964789871294125
