Approach,apfd
random_apfd,0.4902045707070707
deepGini_apfd,0.8572805555555555
leastConfidence_apfd,0.8568225757575757
margin_apfd,0.8499763131313132
