Approach,apfd
random_apfd,0.4949836517692138
deepGini_apfd,0.7073374957598948
leastConfidence_apfd,0.704304495804227
margin_apfd,0.704304495804227
