Approach,apfd
random_apfd,0.5034137845014905
deepGini_apfd,0.677508952454688
leastConfidence_apfd,0.677321937514378
margin_apfd,0.677321937514378
