Approach,apfd
random_apfd,0.5003816274835865
deepGini_apfd,0.4950040033655493
leastConfidence_apfd,0.4979143014549373
margin_apfd,0.4979143014549373
