Approach,apfd
random_apfd,0.4992368967721317
deepGini_apfd,0.83596001384894
leastConfidence_apfd,0.8351714871630979
margin_apfd,0.8337138542665389
