Approach,apfd
random_apfd,0.5017809024186126
deepGini_apfd,0.7177368074983306
leastConfidence_apfd,0.7177895249428434
margin_apfd,0.7177895249428434
