Approach,mutation_feature_apfd,mutation_model_apfd,fusion_2_feature_apfd,fusion_3_feature_apfd
lr,0.49705969544963785,0.49705969544963785,0.49705969544963785,0.7627538425145269
rf,0.49705969544963785,0.49705969544963785,0.49705969544963785,0.8819984866497641
xgb,0.49705969544963785,0.49705969544963785,0.49705969544963785,0.8815262091638058
lgb,0.49705969544963785,0.49705969544963785,0.49705969544963785,0.8821045955503257
