Approach,mutation_feature_apfd,mutation_model_apfd,fusion_2_feature_apfd,fusion_3_feature_apfd
lr,0.4989786674474128,0.5684147817851057,0.5684147817851057,0.7084377880195065
rf,0.4989786674474128,0.5684147817851057,0.5684147817851057,0.7815866196138241
xgb,0.4989786674474128,0.5684147817851057,0.5684147817851057,0.816141041136144
lgb,0.4989786674474128,0.5684147817851057,0.5684147817851057,0.8169971561306699
