Approach,apfd
random_apfd,0.4947134263411912
deepGini_apfd,0.6076253221373593
leastConfidence_apfd,0.6071464784863525
margin_apfd,0.6071464784863525
