Approach,apfd
random_apfd,0.5023095588808143
deepGini_apfd,0.48646748033825105
leastConfidence_apfd,0.49002979959122617
margin_apfd,0.49002979959122617
