Approach,apfd
random_apfd,0.5046648490289084
deepGini_apfd,0.5838869900403966
leastConfidence_apfd,0.5820029599796198
margin_apfd,0.5820029599796198
