Approach,apfd
random_apfd,0.5029993357485871
deepGini_apfd,0.6902035541614515
leastConfidence_apfd,0.6901613375208865
margin_apfd,0.6901613375208865
