Approach,apfd
random_apfd,0.5179065151515151
deepGini_apfd,0.8554839393939394
leastConfidence_apfd,0.8551228535353536
margin_apfd,0.8487087373737373
