Approach,apfd
random_apfd,0.49365519545943637
deepGini_apfd,0.5328520906115821
leastConfidence_apfd,0.5339993937882079
margin_apfd,0.5339993937882079
