Approach,apfd
random_apfd,0.5022787290080339
deepGini_apfd,0.6888330516172105
leastConfidence_apfd,0.6887865453590908
margin_apfd,0.6887865453590908
