Approach,apfd
random_apfd,0.5038142306981783
deepGini_apfd,0.5827657608526244
leastConfidence_apfd,0.5824363679289649
margin_apfd,0.5824363679289649
