Approach,apfd
random_apfd,0.5018922497400712
deepGini_apfd,0.6544529048907911
leastConfidence_apfd,0.6540710567627143
margin_apfd,0.6540710567627143
