Approach,apfd
random_apfd,0.49945838454650615
deepGini_apfd,0.6796214351769143
leastConfidence_apfd,0.6748120941426416
margin_apfd,0.6748120941426416
