Approach,apfd
random_apfd,0.5012548925709319
deepGini_apfd,0.6936974198809363
leastConfidence_apfd,0.693655552602654
margin_apfd,0.693655552602654
