Approach,mutation_feature_apfd,mutation_model_apfd,fusion_2_feature_apfd,fusion_3_feature_apfd
lr,0.49705969544963785,0.49705969544963785,0.49705969544963785,0.7800250279014472
rf,0.49705969544963785,0.49705969544963785,0.49705969544963785,0.8759273061152694
xgb,0.49705969544963785,0.49705969544963785,0.49705969544963785,0.8762174660026931
lgb,0.49705969544963785,0.49705969544963785,0.49705969544963785,0.8769290287263597
