Approach,mutation_feature_apfd,mutation_model_apfd,fusion_2_feature_apfd,fusion_3_feature_apfd
lr,0.49705969544963785,0.49705969544963785,0.49705969544963785,0.7942664800504653
rf,0.49705969544963785,0.49705969544963785,0.49705969544963785,0.8825498814188493
xgb,0.49705969544963785,0.49705969544963785,0.49705969544963785,0.8816129083619425
lgb,0.49705969544963785,0.49705969544963785,0.49705969544963785,0.8825034421894145
