Approach,mutation_feature_apfd,mutation_model_apfd,fusion_2_feature_apfd,fusion_3_feature_apfd
lr,0.49705969544963785,0.49705969544963785,0.49705969544963785,0.7936623530624872
rf,0.49705969544963785,0.49705969544963785,0.49705969544963785,0.8740215917775649
xgb,0.49705969544963785,0.49705969544963785,0.49705969544963785,0.8735869964092051
lgb,0.49705969544963785,0.49705969544963785,0.49705969544963785,0.874713403612631
