Approach,apfd
random_apfd,0.505231961095887
deepGini_apfd,0.6631061971674683
leastConfidence_apfd,0.6624083650352538
margin_apfd,0.6624083650352538
