Approach,apfd
random_apfd,0.499392895349972
deepGini_apfd,0.6662014099858952
leastConfidence_apfd,0.6663580677527081
margin_apfd,0.6663580677527081
