Approach,apfd
random_apfd,0.5015517872805306
deepGini_apfd,0.7073374957598948
leastConfidence_apfd,0.704304495804227
margin_apfd,0.704304495804227
