Approach,mutation_feature_apfd,mutation_model_apfd,fusion_2_feature_apfd,fusion_3_feature_apfd
lr,0.49705969544963785,0.49705969544963785,0.49705969544963785,0.7946909156527119
rf,0.49705969544963785,0.49705969544963785,0.49705969544963785,0.8831640923537903
xgb,0.49705969544963785,0.49705969544963785,0.49705969544963785,0.8834552757997405
lgb,0.49705969544963785,0.49705969544963785,0.49705969544963785,0.8828447041840041
