Approach,mutation_feature_apfd,mutation_model_apfd,fusion_2_feature_apfd,fusion_3_feature_apfd
lr,0.5388778601290015,0.5638198615808802,0.5837853012893991,0.5978340292066109
rf,0.5388778601290015,0.5636315924777272,0.5837853012893991,0.7988556999128488
xgb,0.5388778601290015,0.5636315924777272,0.5837853012893991,0.8048777665751058
lgb,0.5388778601290015,0.5636315924777272,0.5837853012893991,0.7910855689734294
