Approach,apfd
random_apfd,0.4916821507523286
deepGini_apfd,0.5985634965877139
leastConfidence_apfd,0.5982351538241625
margin_apfd,0.5982351538241625
