Approach,mutation_feature_apfd,mutation_model_apfd,fusion_2_feature_apfd,fusion_3_feature_apfd
lr,0.49705969544963785,0.49705969544963785,0.49705969544963785,0.7619266934965366
rf,0.49705969544963785,0.49705969544963785,0.49705969544963785,0.877762432824233
xgb,0.49705969544963785,0.49705969544963785,0.49705969544963785,0.8788778841604697
lgb,0.49705969544963785,0.49705969544963785,0.49705969544963785,0.8780378837965378
