Approach,mutation_feature_apfd,mutation_model_apfd,fusion_2_feature_apfd,fusion_3_feature_apfd
lr,0.4989786674474128,0.5829013064997659,0.5829013064997659,0.7074315952337529
rf,0.4989786674474128,0.5829049361618144,0.5829049361618144,0.7905864540080669
xgb,0.4989786674474128,0.5829049361618144,0.5829049361618144,0.8217782168568959
lgb,0.4989786674474128,0.5829049361618144,0.5829049361618144,0.8225375538034316
