Approach,apfd
random_apfd,0.5043162325767593
deepGini_apfd,0.5007353320272222
leastConfidence_apfd,0.5139033745587326
margin_apfd,0.5139033745587326
