Approach,mutation_feature_apfd,mutation_model_apfd,fusion_2_feature_apfd,fusion_3_feature_apfd
lr,0.49705969544963785,0.49705969544963785,0.49705969544963785,0.804302812587192
rf,0.49705969544963785,0.49705969544963785,0.49705969544963785,0.880245282532481
xgb,0.49705969544963785,0.49705969544963785,0.49705969544963785,0.8812598564895128
lgb,0.49705969544963785,0.49705969544963785,0.49705969544963785,0.8821972844613202
