Approach,apfd
random_apfd,0.5051891578416541
deepGini_apfd,0.8545377206253152
leastConfidence_apfd,0.8541347705496722
margin_apfd,0.8476109682299546
