Approach,apfd
random_apfd,0.49862834824725244
deepGini_apfd,0.4704568947569473
leastConfidence_apfd,0.47026514640726735
margin_apfd,0.47026514640726735
