Approach,apfd
random_apfd,0.5012244577576048
deepGini_apfd,0.6744653740721943
leastConfidence_apfd,0.6747459644175107
margin_apfd,0.6747459644175107
