Approach,apfd
random_apfd,0.4986785020998389
deepGini_apfd,0.5278721301900919
leastConfidence_apfd,0.5310884269614548
margin_apfd,0.5310884269614548
