Approach,apfd
random_apfd,0.4978652773368165
deepGini_apfd,0.5493442296657748
leastConfidence_apfd,0.5494884270148342
margin_apfd,0.5494884270148342
