Approach,mutation_feature_apfd,mutation_model_apfd,fusion_2_feature_apfd,fusion_3_feature_apfd
lr,0.49705969544963785,0.49705969544963785,0.49705969544963785,0.7699427489597613
rf,0.49705969544963785,0.49705969544963785,0.49705969544963785,0.8802307631652373
xgb,0.49705969544963785,0.49705969544963785,0.49705969544963785,0.8809645029903074
lgb,0.49705969544963785,0.49705969544963785,0.49705969544963785,0.8806654343527471
