Approach,apfd
random_apfd,0.503968061897514
deepGini_apfd,0.8533260781329274
leastConfidence_apfd,0.8530216641298833
margin_apfd,0.8465618467782852
