Approach,apfd
random_apfd,0.49370393622321873
deepGini_apfd,0.8471976581963129
leastConfidence_apfd,0.8471594668659691
margin_apfd,0.8400597658196313
