Approach,mutation_feature_apfd,mutation_model_apfd,fusion_2_feature_apfd,fusion_3_feature_apfd
lr,0.49705969544963785,0.49705969544963785,0.49705969544963785,0.7635516874310047
rf,0.49705969544963785,0.49705969544963785,0.49705969544963785,0.8748134090716096
xgb,0.49705969544963785,0.49705969544963785,0.49705969544963785,0.8725765166862786
lgb,0.49705969544963785,0.49705969544963785,0.49705969544963785,0.8736999290332755
