Approach,apfd
random_apfd,0.49705780980537073
deepGini_apfd,0.8196837028824834
leastConfidence_apfd,0.8186720744025622
margin_apfd,0.8101626139443213
