Approach,mutation_feature_apfd,mutation_model_apfd,fusion_2_feature_apfd,fusion_3_feature_apfd
lr,0.4989786674474128,0.5684147817851057,0.5684147817851057,0.7091398655914792
rf,0.4989786674474128,0.5684147817851057,0.5684147817851057,0.7992781359173732
xgb,0.4989786674474128,0.5684147817851057,0.5684147817851057,0.820842967465728
lgb,0.4989786674474128,0.5684147817851057,0.5684147817851057,0.8207843882140564
