Approach,mutation_feature_apfd,mutation_model_apfd,fusion_2_feature_apfd,fusion_3_feature_apfd
lr,0.4999447358745893,0.5769209324519696,0.5769209324519696,0.5974452571928554
rf,0.4999447358745893,0.5769209324519696,0.5769209324519696,0.7504059951374487
xgb,0.4999447358745893,0.5769209324519696,0.5769209324519696,0.7499350197630099
lgb,0.4999447358745893,0.5769209324519696,0.5769209324519696,0.7386804240954353
