Approach,apfd
random_apfd,0.49471754120700184
deepGini_apfd,0.5881554027120534
leastConfidence_apfd,0.5876035072363218
margin_apfd,0.5876035072363218
