Approach,apfd
random_apfd,0.494705759407987
deepGini_apfd,0.592395240771594
leastConfidence_apfd,0.5921744913251854
margin_apfd,0.5921744913251854
