Approach,apfd
random_apfd,0.5030592228082218
deepGini_apfd,0.7002248721213771
leastConfidence_apfd,0.7004012115850737
margin_apfd,0.7004012115850737
