Approach,apfd
random_apfd,0.5079278290242023
deepGini_apfd,0.6601598219703376
leastConfidence_apfd,0.6599867009763826
margin_apfd,0.6599867009763826
