Approach,mutation_feature_apfd,mutation_model_apfd,fusion_2_feature_apfd,fusion_3_feature_apfd
lr,0.5412018592977819,0.5161546571974603,0.5418781503236499,0.5964320979161208
rf,0.5412018592977819,0.5161546571974603,0.5418565850455043,0.6502048945374955
xgb,0.5412018592977819,0.5161546571974603,0.5418565850455043,0.6501281182440789
lgb,0.5412018592977819,0.5161546571974603,0.5418565850455043,0.6501982005190304
