Approach,apfd
random_apfd,0.48631539148176484
deepGini_apfd,0.854925363427697
leastConfidence_apfd,0.8545857306809487
margin_apfd,0.8477949885233359
