Approach,apfd
random_apfd,0.5031894174563195
deepGini_apfd,0.6046279040084702
leastConfidence_apfd,0.6050792320222043
margin_apfd,0.6050792320222043
