Approach,apfd
random_apfd,0.49477317186945047
deepGini_apfd,0.5943622881546397
leastConfidence_apfd,0.5944000670387904
margin_apfd,0.5944000670387904
