Approach,apfd
random_apfd,0.5028303330884154
deepGini_apfd,0.8484136786676463
leastConfidence_apfd,0.8479405216752388
margin_apfd,0.8405136541758511
