Approach,apfd
random_apfd,0.5004257832373243
deepGini_apfd,0.5137601125517222
leastConfidence_apfd,0.5135418386918874
margin_apfd,0.5135418386918874
