Approach,mutation_feature_apfd,mutation_model_apfd,fusion_2_feature_apfd,fusion_3_feature_apfd
lr,0.49705969544963785,0.49705969544963785,0.49705969544963785,0.7911628989603678
rf,0.49705969544963785,0.49705969544963785,0.49705969544963785,0.8767351212499849
xgb,0.49705969544963785,0.49705969544963785,0.49705969544963785,0.8785688453046717
lgb,0.49705969544963785,0.49705969544963785,0.49705969544963785,0.8776486661895115
