Approach,apfd
random_apfd,0.5063248342059337
deepGini_apfd,0.8034756079115765
leastConfidence_apfd,0.802925497382199
margin_apfd,0.7960014950552646
