Approach,apfd
random_apfd,0.5082317832518891
deepGini_apfd,0.6365008286209931
leastConfidence_apfd,0.6367291412099962
margin_apfd,0.6367291412099962
