Approach,apfd
random_apfd,0.5018693069846673
deepGini_apfd,0.5508671815106653
leastConfidence_apfd,0.5508820598115572
margin_apfd,0.5508820598115572
