Approach,apfd
random_apfd,0.4957962064978889
deepGini_apfd,0.4500093778844435
leastConfidence_apfd,0.45059395591109774
margin_apfd,0.45059395591109774
