Approach,apfd
random_apfd,0.49675526124959557
deepGini_apfd,0.5820396450259838
leastConfidence_apfd,0.5835591017002063
margin_apfd,0.5835591017002063
