Approach,apfd
random_apfd,0.5018227430306831
deepGini_apfd,0.6049958492633328
leastConfidence_apfd,0.6049717481430374
margin_apfd,0.6049717481430374
