Approach,mutation_feature_apfd,mutation_model_apfd,fusion_2_feature_apfd,fusion_3_feature_apfd
lr,0.49705969544963785,0.49705969544963785,0.49705969544963785,0.8093864866012398
rf,0.49705969544963785,0.49705969544963785,0.49705969544963785,0.881246891414846
xgb,0.49705969544963785,0.49705969544963785,0.49705969544963785,0.8801512288767849
lgb,0.49705969544963785,0.49705969544963785,0.49705969544963785,0.8816122259895915
