Approach,mutation_feature_apfd,mutation_model_apfd,fusion_2_feature_apfd,fusion_3_feature_apfd
lr,0.4989786674474128,0.6346894410685352,0.6346894410685352,0.7108419829926846
rf,0.4989786674474128,0.6360368220868546,0.6360511272255166,0.786186624256686
xgb,0.4989786674474128,0.6359250207317755,0.6359250207317755,0.8153180589390346
lgb,0.4989786674474128,0.6365934414374796,0.6365934414374796,0.8171613449609848
