Approach,mutation_feature_apfd,mutation_model_apfd,fusion_2_feature_apfd,fusion_3_feature_apfd
lr,0.49705969544963785,0.49705969544963785,0.49705969544963785,0.799903671769801
rf,0.49705969544963785,0.49705969544963785,0.49705969544963785,0.8745299212693946
xgb,0.49705969544963785,0.49705969544963785,0.49705969544963785,0.8761416468525954
lgb,0.49705969544963785,0.49705969544963785,0.49705969544963785,0.8764891639270681
