Approach,apfd
random_apfd,0.5042881280285642
deepGini_apfd,0.856600012751849
leastConfidence_apfd,0.8561670109665901
margin_apfd,0.849495014027034
