Approach,apfd
random_apfd,0.49601442467315293
deepGini_apfd,0.6614020066371918
leastConfidence_apfd,0.66114000691645
margin_apfd,0.66114000691645
