Approach,apfd
random_apfd,0.49928601103266357
deepGini_apfd,0.6279499317242512
leastConfidence_apfd,0.6281518346122672
margin_apfd,0.6281518346122672
