Approach,apfd
random_apfd,0.5009381541867955
deepGini_apfd,0.8245765348228663
leastConfidence_apfd,0.8192749748389694
margin_apfd,0.8065359802737521
