Approach,apfd
random_apfd,0.49490829523715396
deepGini_apfd,0.6296471482255211
leastConfidence_apfd,0.6296265776419597
margin_apfd,0.6296265776419597
