Approach,apfd
random_apfd,0.48963821660380735
deepGini_apfd,0.45062727849825823
leastConfidence_apfd,0.4514021046995963
margin_apfd,0.4514021046995963
