Approach,apfd
random_apfd,0.499297562120693
deepGini_apfd,0.6614533404209313
leastConfidence_apfd,0.6612031336048735
margin_apfd,0.6612031336048735
