Approach,apfd
random_apfd,0.5043431907571289
deepGini_apfd,0.8459224926253687
leastConfidence_apfd,0.8467049901671583
margin_apfd,0.8423219026548673
