Approach,apfd
random_apfd,0.5035072628567094
deepGini_apfd,0.6339948945600644
leastConfidence_apfd,0.6333706509175825
margin_apfd,0.6333706509175825
