Approach,apfd
random_apfd,0.4978124151432616
deepGini_apfd,0.5197486423829725
leastConfidence_apfd,0.5197190360001193
margin_apfd,0.5197190360001193
