Approach,apfd
random_apfd,0.5005400626568955
deepGini_apfd,0.7177368074983306
leastConfidence_apfd,0.7177895249428434
margin_apfd,0.7177895249428434
