Approach,apfd
random_apfd,0.5027343213072906
deepGini_apfd,0.5181101166353191
leastConfidence_apfd,0.5180736794847136
margin_apfd,0.5180736794847136
