Approach,apfd
random_apfd,0.5040110791473325
deepGini_apfd,0.6065472832711494
leastConfidence_apfd,0.606503774330037
margin_apfd,0.606503774330037
