Approach,apfd
random_apfd,0.5027354450612278
deepGini_apfd,0.606126122206643
leastConfidence_apfd,0.6060348993980385
margin_apfd,0.6060348993980385
