Approach,apfd
random_apfd,0.5047912755995956
deepGini_apfd,0.5653339932877364
leastConfidence_apfd,0.5654060116826524
margin_apfd,0.5654060116826524
