Approach,apfd
random_apfd,0.49904888260671243
deepGini_apfd,0.5383039231366697
leastConfidence_apfd,0.5384191096122591
margin_apfd,0.5384191096122591
