Approach,apfd
random_apfd,0.5034894291995227
deepGini_apfd,0.5652940653377424
leastConfidence_apfd,0.5654294394156538
margin_apfd,0.5654294394156538
