Approach,apfd
random_apfd,0.499488031859764
deepGini_apfd,0.5686120648106041
leastConfidence_apfd,0.568443152104563
margin_apfd,0.568443152104563
