Approach,apfd
random_apfd,0.4977873090541375
deepGini_apfd,0.5968538010402507
leastConfidence_apfd,0.596969193011564
margin_apfd,0.596969193011564
