Approach,apfd
random_apfd,0.5017737705787935
deepGini_apfd,0.5643154112750782
leastConfidence_apfd,0.5643026418635508
margin_apfd,0.5643026418635508
