Approach,apfd
random_apfd,0.5047593605120777
deepGini_apfd,0.5613406758893262
leastConfidence_apfd,0.5615009243405218
margin_apfd,0.5615009243405218
