Approach,apfd
random_apfd,0.4986951455668781
deepGini_apfd,0.6389210238588249
leastConfidence_apfd,0.6389370248499762
margin_apfd,0.6389370248499762
