Approach,apfd
random_apfd,0.4986349040447937
deepGini_apfd,0.5550672337986784
leastConfidence_apfd,0.5547532164019053
margin_apfd,0.5547532164019053
