Approach,apfd
random_apfd,0.49989525554787284
deepGini_apfd,0.5384151020781285
leastConfidence_apfd,0.5384828369476048
margin_apfd,0.5384828369476048
