Approach,apfd
random_apfd,0.5035229944498143
deepGini_apfd,0.7059707928547623
leastConfidence_apfd,0.7059708306638539
margin_apfd,0.7059708306638539
