Approach,apfd
random_apfd,0.5068570620354836
deepGini_apfd,0.573847190861976
leastConfidence_apfd,0.573805404233624
margin_apfd,0.573805404233624
