Approach,apfd
random_apfd,0.5043977106062235
deepGini_apfd,0.5705741619723042
leastConfidence_apfd,0.5705601450612359
margin_apfd,0.5705601450612359
