Approach,apfd
random_apfd,0.5009827043356686
deepGini_apfd,0.6063778256686885
leastConfidence_apfd,0.6064265808406075
margin_apfd,0.6064265808406075
