Approach,apfd
random_apfd,0.4994549974523922
deepGini_apfd,0.6024329157553474
leastConfidence_apfd,0.6024402703578378
margin_apfd,0.6024402703578378
