Approach,apfd
random_apfd,0.5022775299901612
deepGini_apfd,0.5409693546120933
leastConfidence_apfd,0.5409830666173523
margin_apfd,0.5409830666173523
