Approach,apfd
random_apfd,0.5000769408301686
deepGini_apfd,0.6317093702917957
leastConfidence_apfd,0.631675315756214
margin_apfd,0.631675315756214
