Approach,apfd
random_apfd,0.4970919916670006
deepGini_apfd,0.6084728138505889
leastConfidence_apfd,0.6084790746043718
margin_apfd,0.6084790746043718
