Approach,apfd
random_apfd,0.4950900416750599
deepGini_apfd,0.6064866822202224
leastConfidence_apfd,0.6064333004764452
margin_apfd,0.6064333004764452
