Approach,apfd
random_apfd,0.5011982586602911
deepGini_apfd,0.640705765176879
leastConfidence_apfd,0.6407237159411112
margin_apfd,0.6407237159411112
