Approach,apfd
random_apfd,0.4997364337167354
deepGini_apfd,0.5509581105164605
leastConfidence_apfd,0.550994347958035
margin_apfd,0.550994347958035
