Approach,apfd
random_apfd,0.49790507112097016
deepGini_apfd,0.6089592414894808
leastConfidence_apfd,0.6086314756876943
margin_apfd,0.6086314756876943
