Approach,apfd
random_apfd,0.5055086463856358
deepGini_apfd,0.5914407427153155
leastConfidence_apfd,0.5913935764135652
margin_apfd,0.5913935764135652
