Approach,apfd
random_apfd,0.4958291520264655
deepGini_apfd,0.6315913467220384
leastConfidence_apfd,0.6316640637975144
margin_apfd,0.6316640637975144
