Approach,apfd
random_apfd,0.49956185604870085
deepGini_apfd,0.6487516598477362
leastConfidence_apfd,0.64875001491912
margin_apfd,0.64875001491912
