Approach,apfd
random_apfd,0.4955228315550222
deepGini_apfd,0.652239012561102
leastConfidence_apfd,0.6523024451781922
margin_apfd,0.6523024451781922
