Approach,apfd
random_apfd,0.49967278536671933
deepGini_apfd,0.6177013779686296
leastConfidence_apfd,0.6177459360534026
margin_apfd,0.6177459360534026
