Approach,apfd
random_apfd,0.502217360735836
deepGini_apfd,0.6169260523966702
leastConfidence_apfd,0.616931056643086
margin_apfd,0.616931056643086
