Approach,apfd
random_apfd,0.5003958573127163
deepGini_apfd,0.5480703875274704
leastConfidence_apfd,0.5483395518376063
margin_apfd,0.5483395518376063
