Approach,apfd
random_apfd,0.5007526681330681
deepGini_apfd,0.5980954968278382
leastConfidence_apfd,0.5985760738840313
margin_apfd,0.5985760738840313
