Approach,apfd
random_apfd,0.5009644165479459
deepGini_apfd,0.5794876090037491
leastConfidence_apfd,0.5796950495988236
margin_apfd,0.5796950495988236
