Approach,apfd
random_apfd,0.5030057112019739
deepGini_apfd,0.6090661300254312
leastConfidence_apfd,0.6092314739223672
margin_apfd,0.6092314739223672
