Approach,apfd
random_apfd,0.5008234354048801
deepGini_apfd,0.4996571075226427
leastConfidence_apfd,0.4996030984107208
margin_apfd,0.4996030984107208
