Approach,apfd
random_apfd,0.5003575704129719
deepGini_apfd,0.565582992359386
leastConfidence_apfd,0.5653274284833864
margin_apfd,0.5653274284833864
