Approach,apfd
random_apfd,0.5016144769756823
deepGini_apfd,0.5699872451886241
leastConfidence_apfd,0.5700186755618539
margin_apfd,0.5700186755618539
