Approach,apfd
random_apfd,0.5067073307998498
deepGini_apfd,0.6085391412994594
leastConfidence_apfd,0.6086848463160935
margin_apfd,0.6086848463160935
