Approach,apfd
random_apfd,0.5017142321755133
deepGini_apfd,0.6577206086538432
leastConfidence_apfd,0.657720139267576
margin_apfd,0.657720139267576
