Approach,apfd
random_apfd,0.5005558393863361
deepGini_apfd,0.5798288440596999
leastConfidence_apfd,0.5797246434640244
margin_apfd,0.5797246434640244
