Approach,apfd
random_apfd,0.5010672446834912
deepGini_apfd,0.5937158537269803
leastConfidence_apfd,0.5940075936011446
margin_apfd,0.5940075936011446
