Approach,apfd
random_apfd,0.5020107991607297
deepGini_apfd,0.5374478967790055
leastConfidence_apfd,0.5375922827427404
margin_apfd,0.5375922827427404
