Approach,apfd
random_apfd,0.5018240433038602
deepGini_apfd,0.5973883786064865
leastConfidence_apfd,0.5974575399261601
margin_apfd,0.5974575399261601
