Approach,apfd
random_apfd,0.5035447740475523
deepGini_apfd,0.6414751415186064
leastConfidence_apfd,0.6415383286623177
margin_apfd,0.6415383286623177
