Approach,apfd
random_apfd,0.5007854432977819
deepGini_apfd,0.5449587465992376
leastConfidence_apfd,0.5449309351331026
margin_apfd,0.5449309351331026
