Approach,apfd
random_apfd,0.5009862749626863
deepGini_apfd,0.6104707785382187
leastConfidence_apfd,0.6102417530129172
margin_apfd,0.6102417530129172
