Approach,apfd
random_apfd,0.4993254087340617
deepGini_apfd,0.6356739425817188
leastConfidence_apfd,0.6356857536411917
margin_apfd,0.6356857536411917
