Approach,apfd
random_apfd,0.49813745491423433
deepGini_apfd,0.6466945751391777
leastConfidence_apfd,0.6467609098134532
margin_apfd,0.6467609098134532
