Approach,apfd
random_apfd,0.5027930624358752
deepGini_apfd,0.6507693305309031
leastConfidence_apfd,0.650829378404884
margin_apfd,0.650829378404884
