Approach,apfd
random_apfd,0.4999781892138109
deepGini_apfd,0.5979549189546252
leastConfidence_apfd,0.5978516259998906
margin_apfd,0.5978516259998906
