Approach,apfd
random_apfd,0.5042963559932291
deepGini_apfd,0.5908012280554971
leastConfidence_apfd,0.5907164302028649
margin_apfd,0.5907164302028649
