Approach,apfd
random_apfd,0.5005154736686903
deepGini_apfd,0.5299572239278502
leastConfidence_apfd,0.5299632698933896
margin_apfd,0.5299632698933896
