Approach,apfd
random_apfd,0.49659595351890007
deepGini_apfd,0.6191146588940281
leastConfidence_apfd,0.6193046453109898
margin_apfd,0.6193046453109898
