Approach,apfd
random_apfd,0.49982530519334767
deepGini_apfd,0.5315012348193974
leastConfidence_apfd,0.5314966813908594
margin_apfd,0.5314966813908594
