Approach,apfd
random_apfd,0.49163623522261524
deepGini_apfd,0.6194742857159208
leastConfidence_apfd,0.6198126692096309
margin_apfd,0.6198126692096309
