Approach,apfd
random_apfd,0.49968875781358946
deepGini_apfd,0.5194493415706811
leastConfidence_apfd,0.519595699546636
margin_apfd,0.519595699546636
