Approach,apfd
random_apfd,0.49819726811799203
deepGini_apfd,0.6378436799383401
leastConfidence_apfd,0.6379450962634929
margin_apfd,0.6379450962634929
