Approach,apfd
random_apfd,0.49501595670233545
deepGini_apfd,0.637197134001213
leastConfidence_apfd,0.6373714875301755
margin_apfd,0.6373714875301755
