Approach,apfd
random_apfd,0.5004423549207835
deepGini_apfd,0.5837156210564504
leastConfidence_apfd,0.5834816913082632
margin_apfd,0.5834816913082632
