Approach,apfd
random_apfd,0.5025197350384353
deepGini_apfd,0.5636890949244522
leastConfidence_apfd,0.5635689009297502
margin_apfd,0.5635689009297502
