Approach,apfd
random_apfd,0.5051032081146871
deepGini_apfd,0.5664364158139277
leastConfidence_apfd,0.5664171828973201
margin_apfd,0.5664171828973201
