Approach,apfd
random_apfd,0.4978145213117968
deepGini_apfd,0.5499606977570823
leastConfidence_apfd,0.5499825107241993
margin_apfd,0.5499825107241993
