Approach,apfd
random_apfd,0.49742455426738397
deepGini_apfd,0.5497631280418196
leastConfidence_apfd,0.5497569328250093
margin_apfd,0.5497569328250093
