Approach,apfd
random_apfd,0.5023658560426525
deepGini_apfd,0.6339839910746028
leastConfidence_apfd,0.634057916029914
margin_apfd,0.634057916029914
