Approach,apfd
random_apfd,0.5047445891925058
deepGini_apfd,0.5874431864819993
leastConfidence_apfd,0.5874619579010731
margin_apfd,0.5874619579010731
