Approach,apfd
random_apfd,0.5025339557984732
deepGini_apfd,0.6515036786829798
leastConfidence_apfd,0.651568526238095
margin_apfd,0.651568526238095
