Approach,apfd
random_apfd,0.5024140512178086
deepGini_apfd,0.5530637290350726
leastConfidence_apfd,0.5533768587868133
margin_apfd,0.5533768587868133
