Approach,apfd
random_apfd,0.5001666136370597
deepGini_apfd,0.5299226724466255
leastConfidence_apfd,0.5299132281548015
margin_apfd,0.5299132281548015
