Approach,apfd
random_apfd,0.5010049099362182
deepGini_apfd,0.6303910999622037
leastConfidence_apfd,0.6303792279487803
margin_apfd,0.6303792279487803
