Approach,apfd
random_apfd,0.5042462214097118
deepGini_apfd,0.555818722267112
leastConfidence_apfd,0.5560435157592264
margin_apfd,0.5560435157592264
