Approach,apfd
random_apfd,0.4991509372109967
deepGini_apfd,0.6934824799389119
leastConfidence_apfd,0.6934825886676592
margin_apfd,0.6934825886676592
