Approach,apfd
random_apfd,0.5054554504847681
deepGini_apfd,0.6420469799281485
leastConfidence_apfd,0.6420975499100993
margin_apfd,0.6420975499100993
