Approach,apfd
random_apfd,0.49539614392282494
deepGini_apfd,0.5673901894528717
leastConfidence_apfd,0.5676388120679929
margin_apfd,0.5676388120679929
