Approach,apfd
random_apfd,0.4984608188221084
deepGini_apfd,0.5003933845694651
leastConfidence_apfd,0.49931576953246076
margin_apfd,0.49931576953246076
