Approach,apfd
random_apfd,0.5008189291462724
deepGini_apfd,0.5003933999337492
leastConfidence_apfd,0.49931578489674483
margin_apfd,0.49931578489674483
