Approach,mutation_feature_apfd,mutation_model_apfd,fusion_2_feature_apfd,fusion_3_feature_apfd
lr,0.5078555305584344,0.5013665685674199,0.5078294522468833,0.5362960188476746
rf,0.5078787306274303,0.5013665685674199,0.5078534051658001,0.5509526445108227
xgb,0.507865138357427,0.5013665685674199,0.5078866534765994,0.5505551346310759
lgb,0.507865138357427,0.5013665685674199,0.5078866534765994,0.5504816933530624
