Approach,apfd
random_apfd,0.5010704846027303
deepGini_apfd,0.4773291193301043
leastConfidence_apfd,0.47735251282586605
margin_apfd,0.47735251282586605
