Approach,mutation_feature_apfd,mutation_model_apfd,fusion_2_feature_apfd,fusion_3_feature_apfd
lr,0.5067948520839398,0.5013665685674199,0.5068334164370389,0.542877980850366
rf,0.5067948520839398,0.5013665685674199,0.506832832594243,0.5510368766377046
xgb,0.5067948520839398,0.5013665685674199,0.506832832594243,0.5507736249938799
lgb,0.5067948520839398,0.5013665685674199,0.5068334164370389,0.5505505048601328
