Approach,apfd
random_apfd,0.5018675312934618
deepGini_apfd,0.5003933896908932
leastConfidence_apfd,0.4993157746538887
margin_apfd,0.4993157746538887
