Approach,apfd
random_apfd,0.500067257153662
deepGini_apfd,0.5003934101766053
leastConfidence_apfd,0.49931579513960095
margin_apfd,0.49931579513960095
