Approach,mutation_feature_apfd,mutation_model_apfd,fusion_2_feature_apfd,fusion_3_feature_apfd
lr,0.506098619549802,0.5013683917958002,0.5061140965053219,0.5333215651452816
rf,0.506098619549802,0.5013683917958002,0.5061140965053219,0.5536496704565917
xgb,0.506098619549802,0.5013683917958002,0.5061141425981742,0.5536526613705638
lgb,0.506098619549802,0.5013683917958002,0.5061140965053219,0.5534865068808434
