Approach,apfd
random_apfd,0.5018232383779851
deepGini_apfd,0.4877603424163884
leastConfidence_apfd,0.4876941511353034
margin_apfd,0.4876941511353034
