Approach,apfd
random_apfd,0.5005426844395243
deepGini_apfd,0.5003933896908932
leastConfidence_apfd,0.4993157746538887
margin_apfd,0.4993157746538887
