Approach,mutation_feature_apfd,mutation_model_apfd,fusion_2_feature_apfd,fusion_3_feature_apfd
lr,0.5087632729489654,0.5013683917958002,0.5087351511876285,0.5331097940960589
rf,0.5087658029344144,0.5013683917958002,0.5087386081515517,0.552673649187506
xgb,0.5087657824487023,0.5013683917958002,0.5087385927872676,0.5527398077948545
lgb,0.5087657824487023,0.5013683917958002,0.5087385927872676,0.5528648833103108
