Approach,mutation_feature_apfd,mutation_model_apfd,fusion_2_feature_apfd,fusion_3_feature_apfd
lr,0.5191236796440272,0.5005472499216337,0.5191236796440272,0.5426729440600745
rf,0.5190968832404419,0.5005472499216337,0.5191058612330484,0.551038440890568
xgb,0.5190726548892253,0.5005472499216337,0.5190726548892253,0.551202933816399
lgb,0.51911228136397,0.5005472499216337,0.51911228136397,0.5510733745553296
