Approach,apfd
random_apfd,0.502215611603687
deepGini_apfd,0.5008666889131475
leastConfidence_apfd,0.5007770405824484
margin_apfd,0.5007770405824484
