Approach,mutation_feature_apfd,mutation_model_apfd,fusion_2_feature_apfd,fusion_3_feature_apfd
lr,0.5148890886715873,0.5005472499216337,0.5148890886715873,0.5410340782587464
rf,0.5148890886715873,0.5005472499216337,0.5148890886715873,0.5512041363171113
xgb,0.5148890886715873,0.5005472499216337,0.5148890886715873,0.5513092430319161
lgb,0.5148890886715873,0.5005472499216337,0.5148890886715873,0.5512598538818966
