Approach,mutation_feature_apfd,mutation_model_apfd,fusion_2_feature_apfd,fusion_3_feature_apfd
lr,0.5137410039555862,0.5013683917958002,0.5138383725453765,0.53799976943331
rf,0.513195208248531,0.5013683917958002,0.513292249066927,0.5533945567619137
xgb,0.5133071473010792,0.5013683917958002,0.513271701897653,0.5534103256388316
lgb,0.5131506057317794,0.5013683917958002,0.5132296549734905,0.5534197900378391
