Approach,apfd
random_apfd,0.5004191621932493
deepGini_apfd,0.49014433069914204
leastConfidence_apfd,0.49035910386608844
margin_apfd,0.49035910386608844
