Approach,apfd
random_apfd,0.5014783898271232
deepGini_apfd,0.5003933948123213
leastConfidence_apfd,0.49931577977531677
margin_apfd,0.49931577977531677
