Approach,mutation_feature_apfd,mutation_model_apfd,fusion_2_feature_apfd,fusion_3_feature_apfd
lr,0.5050102085425011,0.5013683917958002,0.5056241038781297,0.5325685308528141
rf,0.5050102085425011,0.5013683917958002,0.5056241038781297,0.5512630491425603
xgb,0.5050102085425011,0.5013683917958002,0.5056241038781297,0.5512502148439061
lgb,0.5050102085425011,0.5013683917958002,0.5056241038781297,0.5516183635767317
