Approach,mutation_feature_apfd,mutation_model_apfd,fusion_2_feature_apfd,fusion_3_feature_apfd
lr,0.5163707224094364,0.5005472499216337,0.5163707224094364,0.541800468649176
rf,0.5166085169252995,0.5005472499216337,0.5165880540318218,0.5512865942367199
xgb,0.5165944181139815,0.5005472499216337,0.5165944181139815,0.551447907669142
lgb,0.5165653339018377,0.5005472499216337,0.5165653339018377,0.5513740965449098
