Approach,mutation_feature_apfd,mutation_model_apfd,fusion_2_feature_apfd,fusion_3_feature_apfd
lr,0.5074767468972424,0.5005472499216337,0.5074767468972424,0.5394669395867718
rf,0.5075633218531882,0.5005472499216337,0.5075633218531882,0.5503099955120229
xgb,0.5075633218531882,0.5005472499216337,0.5075633218531882,0.5506333255340633
lgb,0.5075633218531882,0.5005472499216337,0.5075633218531882,0.5506715049316796
