Approach,apfd
random_apfd,0.49862764693258504
deepGini_apfd,0.4897330909070942
leastConfidence_apfd,0.4898952460571418
margin_apfd,0.4898952460571418
