Approach,apfd
random_apfd,0.5003159652864794
deepGini_apfd,0.4988473598906446
leastConfidence_apfd,0.4989880623501543
margin_apfd,0.4989880623501543
