Approach,apfd
random_apfd,0.4993754392904896
deepGini_apfd,0.5003933896908932
leastConfidence_apfd,0.4993157746538887
margin_apfd,0.4993157746538887
