Approach,apfd
random_apfd,0.4978736691964119
deepGini_apfd,0.4917697364765213
leastConfidence_apfd,0.49203651209440497
margin_apfd,0.49203651209440497
