Approach,apfd
random_apfd,0.5015606218658225
deepGini_apfd,0.45200665039624016
leastConfidence_apfd,0.4520064957522097
margin_apfd,0.4520064957522097
