Approach,apfd
random_apfd,0.49885210306516353
deepGini_apfd,0.48944295578238767
leastConfidence_apfd,0.48963368154748826
margin_apfd,0.48963368154748826
