Approach,apfd
random_apfd,0.5005540130383365
deepGini_apfd,0.500393374326609
leastConfidence_apfd,0.49931575928960464
margin_apfd,0.49931575928960464
