Approach,mutation_feature_apfd,mutation_model_apfd,fusion_2_feature_apfd,fusion_3_feature_apfd
lr,0.5133939145348382,0.5013683917958002,0.5130137662961279,0.5391731295674176
rf,0.5133756259153273,0.5013683917958002,0.5133716824157407,0.5536679027403942
xgb,0.5133756259153273,0.5013683917958002,0.5133716824157407,0.5537768508789703
lgb,0.5133756259153273,0.5013683917958002,0.5133716824157407,0.5536497575208683
