Approach,apfd
random_apfd,0.4997851125618182
deepGini_apfd,0.5004670102188878
leastConfidence_apfd,0.4993164097109651
margin_apfd,0.4993164097109651
