Approach,apfd
random_apfd,0.5000869946188323
deepGini_apfd,0.48368399366228826
leastConfidence_apfd,0.483610746319786
margin_apfd,0.483610746319786
