Approach,apfd
random_apfd,0.4992291080663355
deepGini_apfd,0.4894536400419725
leastConfidence_apfd,0.48964971652089834
margin_apfd,0.48964971652089834
