Approach,mutation_feature_apfd,mutation_model_apfd,fusion_2_feature_apfd,fusion_3_feature_apfd
lr,0.5116758649221308,0.5013683917958002,0.5125660100859356,0.5349350351975263
rf,0.5116758649221308,0.5013683917958002,0.5125659537502272,0.5535070335644053
xgb,0.5116758649221308,0.5013683917958002,0.512565625978833,0.5534930571872995
lgb,0.5116758649221308,0.5013683917958002,0.5125660100859356,0.5536818176603637
