Approach,mutation_feature_apfd,mutation_model_apfd,fusion_2_feature_apfd,fusion_3_feature_apfd
lr,0.5174762536681368,0.5005472499216337,0.5174762536681368,0.5425241651689758
rf,0.5174762536681368,0.5005472499216337,0.5174762536681368,0.5510690333239444
xgb,0.5174762536681368,0.5005472499216337,0.5174762536681368,0.5511123029682202
lgb,0.5174762536681368,0.5005472499216337,0.5174762536681368,0.5513457562526981
