Approach,apfd
random_apfd,0.4985922551511835
deepGini_apfd,0.5003933692051811
leastConfidence_apfd,0.4993157541681766
margin_apfd,0.4993157541681766
