Approach,mutation_feature_apfd,mutation_model_apfd,fusion_2_feature_apfd,fusion_3_feature_apfd
lr,0.5054550680513497,0.5005472499216337,0.5054550680513497,0.5402882730500025
rf,0.5058209951325218,0.5005472499216337,0.5058209951325218,0.5506284238150579
xgb,0.5058209951325218,0.5005472499216337,0.5058209951325218,0.5507325063661204
lgb,0.5058209951325218,0.5005472499216337,0.5058209951325218,0.5506826484446367
