Approach,mutation_feature_apfd,mutation_model_apfd,fusion_2_feature_apfd,fusion_3_feature_apfd
lr,0.5071801268721124,0.5013665685674199,0.5071751744512032,0.5341360053598817
rf,0.5071734075585314,0.5013665685674199,0.5071856682572456,0.5504265150874198
xgb,0.5071734075585314,0.5013665685674199,0.5071856682572456,0.5501253443904283
lgb,0.5071793791436194,0.5013665685674199,0.5071756609868664,0.5503472558671593
