Approach,apfd
random_apfd,0.5014126835698863
deepGini_apfd,0.5005511121908707
leastConfidence_apfd,0.49959425791642903
margin_apfd,0.49959425791642903
