Approach,mutation_feature_apfd,mutation_model_apfd,fusion_2_feature_apfd,fusion_3_feature_apfd
lr,0.5181868285679812,0.5013665685674199,0.5182827068222133,0.5421326594285184
rf,0.5182092706656279,0.5013665685674199,0.5180659833520812,0.5513335097494577
xgb,0.5182092706656279,0.5013665685674199,0.5180659833520812,0.550883172339536
lgb,0.5182253826782243,0.5013665685674199,0.5182386983911137,0.550883776668044
