Approach,apfd
random_apfd,0.49967276587364357
deepGini_apfd,0.49695200198109307
leastConfidence_apfd,0.4968447960479086
margin_apfd,0.4968447960479086
