Approach,apfd
random_apfd,0.5003385827310364
deepGini_apfd,0.4760498087653688
leastConfidence_apfd,0.47590047306153765
margin_apfd,0.47590047306153765
