Approach,mutation_feature_apfd,mutation_model_apfd,fusion_2_feature_apfd,fusion_3_feature_apfd
lr,0.5064021768322575,0.5013683917958002,0.5064054647890556,0.5388977503820074
rf,0.5064021768322575,0.5013683917958002,0.5064054647890556,0.5524667895877681
xgb,0.5064021768322575,0.5013683917958002,0.5064057874390218,0.5525450911009863
lgb,0.5064021768322575,0.5013683917958002,0.5064054647890556,0.5526538855967212
