Approach,apfd
random_apfd,0.500603298683649
deepGini_apfd,0.5005490129099662
leastConfidence_apfd,0.4995921025867625
margin_apfd,0.4995921025867625
