Approach,mutation_feature_apfd,mutation_model_apfd,fusion_2_feature_apfd,fusion_3_feature_apfd
lr,0.5070351494873143,0.5013665634459918,0.5070296388307494,0.5351654123947983
rf,0.5070351494873143,0.5013665634459918,0.5070296388307494,0.5532551822193853
xgb,0.5070351494873143,0.5013665685674199,0.5070296439521774,0.5531790368273696
lgb,0.5070351494873143,0.5013665685674199,0.5070296439521774,0.5532012126107586
