Approach,mutation_feature_apfd,mutation_model_apfd,fusion_2_feature_apfd,fusion_3_feature_apfd
lr,0.5050456078530748,0.5013683917958002,0.5062396790421537,0.5340208090791038
rf,0.5059043125701764,0.5013683917958002,0.5064935840798156,0.5529217209186367
xgb,0.5059043125701764,0.5013683917958002,0.5064935840798156,0.5528763399448239
lgb,0.5059045583987221,0.5013683917958002,0.5064919605871288,0.5528609756607207
