Approach,mutation_feature_apfd,mutation_model_apfd,fusion_2_feature_apfd,fusion_3_feature_apfd
lr,0.5065930883050962,0.5013665685674199,0.506660788462283,0.5393426129853603
rf,0.5065930883050962,0.5013665685674199,0.506660788462283,0.549703809891772
xgb,0.5065930883050962,0.5013665685674199,0.506660788462283,0.5495427819515141
lgb,0.5065930883050962,0.5013665685674199,0.506660788462283,0.5495061227696437
