Approach,apfd
random_apfd,0.5009896428002206
deepGini_apfd,0.5005472499216337
leastConfidence_apfd,0.499586798335739
margin_apfd,0.499586798335739
