Approach,mutation_feature_apfd,mutation_model_apfd,fusion_2_feature_apfd,fusion_3_feature_apfd
lr,0.5072727222909746,0.5013665685674199,0.5072706378697646,0.537852005991661
rf,0.5072727222909746,0.5013665685674199,0.5072706378697646,0.5503917149839259
xgb,0.5072727222909746,0.5013665685674199,0.5072728195981072,0.5502630595902734
lgb,0.5072727222909746,0.5013665685674199,0.5072728195981072,0.5503651194081433
