Approach,mutation_feature_apfd,mutation_model_apfd,fusion_2_feature_apfd,fusion_3_feature_apfd
lr,0.5172109199703122,0.5013683917958002,0.5172238310903868,0.5368996252343822
rf,0.5171448945200926,0.5013683917958002,0.5171967284932287,0.5536591041270311
xgb,0.5169409643771904,0.5013683917958002,0.516930194014034,0.5535426787035248
lgb,0.5170046339705142,0.5013683917958002,0.5170304049963833,0.5535695918078457
