Approach,apfd
random_apfd,0.49979856655326454
deepGini_apfd,0.5003934152980334
leastConfidence_apfd,0.4993158002610289
margin_apfd,0.4993158002610289
