Approach,apfd
random_apfd,0.49907173860804915
deepGini_apfd,0.500393374326609
leastConfidence_apfd,0.49931575928960464
margin_apfd,0.49931575928960464
