Approach,apfd
random_apfd,0.5009389968152556
deepGini_apfd,0.46289357759470756
leastConfidence_apfd,0.46289390710153105
margin_apfd,0.46289390710153105
