Approach,mutation_feature_apfd,mutation_model_apfd,fusion_2_feature_apfd,fusion_3_feature_apfd
lr,0.5005472499216337,0.5005472499216337,0.5005472499216337,0.5413321965285639
rf,0.5005472499216337,0.5005472499216337,0.5005472499216337,0.5513411653495548
xgb,0.5005472499216337,0.5005472499216337,0.5005472499216337,0.5515116605882634
lgb,0.5005472499216337,0.5005472499216337,0.5005472499216337,0.5515255453952171
