Approach,apfd
random_apfd,0.4987876428600899
deepGini_apfd,0.47169488798118575
leastConfidence_apfd,0.47107299789577917
margin_apfd,0.4688287514956472
