Approach,apfd
random_apfd,0.503228099207322
deepGini_apfd,0.7554468619759745
leastConfidence_apfd,0.7583771471765955
margin_apfd,0.7619819114161968
