Approach,apfd
random_apfd,0.501251874393368
deepGini_apfd,0.5548376780116792
leastConfidence_apfd,0.5546422255636705
margin_apfd,0.5546935629385651
