Approach,apfd
random_apfd,0.5092364797507788
deepGini_apfd,0.7589492367601246
leastConfidence_apfd,0.7622564485981308
margin_apfd,0.7661657866043614
