Approach,apfd
random_apfd,0.4992732639719365
deepGini_apfd,0.7616691580961492
leastConfidence_apfd,0.765207641712509
margin_apfd,0.7685618711631986
