Approach,apfd
random_apfd,0.5077412809386049
deepGini_apfd,0.7609207971713275
leastConfidence_apfd,0.7644412648666024
margin_apfd,0.7676867486338798
