Approach,apfd
random_apfd,0.5005155615586117
deepGini_apfd,0.7505339472822528
leastConfidence_apfd,0.7530935658153242
margin_apfd,0.7554606335952848
