Approach,apfd
random_apfd,0.49760147761314877
deepGini_apfd,0.7538703303376245
leastConfidence_apfd,0.7565802647558902
margin_apfd,0.758857554044207
