Approach,apfd
random_apfd,0.4975256422607579
deepGini_apfd,0.7621222463070007
leastConfidence_apfd,0.7654362636480411
margin_apfd,0.7683032113037893
