Approach,apfd
random_apfd,0.49924916060436486
deepGini_apfd,0.6269871572467823
leastConfidence_apfd,0.6262660044767767
margin_apfd,0.6224174454392838
