Approach,apfd
random_apfd,0.5018062150732517
deepGini_apfd,0.7356214393596133
leastConfidence_apfd,0.738209666213563
margin_apfd,0.7417196722549464
