Approach,apfd
random_apfd,0.49964260533104043
deepGini_apfd,0.5543615298875831
leastConfidence_apfd,0.5541623674405274
margin_apfd,0.5542410990095857
