Approach,apfd
random_apfd,0.5044310190976565
deepGini_apfd,0.7506266324743558
leastConfidence_apfd,0.7532157076140439
margin_apfd,0.7555725335668418
