Approach,apfd
random_apfd,0.5005178961081257
deepGini_apfd,0.7575976225370461
leastConfidence_apfd,0.7606502605438853
margin_apfd,0.76363104543234
