Approach,apfd
random_apfd,0.4999769325977792
deepGini_apfd,0.7074903069524011
leastConfidence_apfd,0.7082796343447203
margin_apfd,0.7111943312822689
