Approach,apfd
random_apfd,0.5078954756195043
deepGini_apfd,0.762441726618705
leastConfidence_apfd,0.7658941167066347
margin_apfd,0.7688865147881695
