Approach,apfd
random_apfd,0.497777118226601
deepGini_apfd,0.7491673973727422
leastConfidence_apfd,0.7512954679802956
margin_apfd,0.7529708128078818
