Approach,apfd
random_apfd,0.49764222480620157
deepGini_apfd,0.7470587286821705
leastConfidence_apfd,0.7495652635658915
margin_apfd,0.7529959612403101
