Approach,apfd
random_apfd,0.49655324324324324
deepGini_apfd,0.7652416647081864
leastConfidence_apfd,0.7684727340383862
margin_apfd,0.7711567920094007
