Approach,apfd
random_apfd,0.49625932422171604
deepGini_apfd,0.765673470007593
leastConfidence_apfd,0.7706259149582384
margin_apfd,0.7751973348519362
