Approach,apfd
random_apfd,0.4994813744075829
deepGini_apfd,0.7644822748815167
leastConfidence_apfd,0.7683352369668247
margin_apfd,0.771553317535545
