Approach,apfd
random_apfd,0.5018286314605255
deepGini_apfd,0.6827317086890344
leastConfidence_apfd,0.6785545331215671
margin_apfd,0.6660915988352856
