Approach,apfd
random_apfd,0.504379928095246
deepGini_apfd,0.5259293088919651
leastConfidence_apfd,0.5258734763196012
margin_apfd,0.5258734763196012
