Approach,apfd
random_apfd,0.5028373739626618
deepGini_apfd,0.5220893012700061
leastConfidence_apfd,0.5220623615831558
margin_apfd,0.5220623615831558
