Approach,apfd
random_apfd,0.4984209742505038
deepGini_apfd,0.5760336314483865
leastConfidence_apfd,0.5760308993268318
margin_apfd,0.5760308993268318
