Approach,apfd
random_apfd,0.49714039054366943
deepGini_apfd,0.5890816801287873
leastConfidence_apfd,0.5890816801287873
margin_apfd,0.5890816801287873
