Approach,apfd
random_apfd,0.4959716619998994
deepGini_apfd,0.5236189493311487
leastConfidence_apfd,0.5234943100294335
margin_apfd,0.5234943100294335
