Approach,apfd
random_apfd,0.5015856324469741
deepGini_apfd,0.5716235513700618
leastConfidence_apfd,0.5716232676432277
margin_apfd,0.5716232676432277
