Approach,apfd
random_apfd,0.5014400039613177
deepGini_apfd,0.5425290682345799
leastConfidence_apfd,0.5425290682345799
margin_apfd,0.5425290682345799
