Approach,apfd
random_apfd,0.5017978201574158
deepGini_apfd,0.526287266586222
leastConfidence_apfd,0.526014087903733
margin_apfd,0.526014087903733
