Approach,apfd
random_apfd,0.5011863630667424
deepGini_apfd,0.5574372594622438
leastConfidence_apfd,0.5574372785218159
margin_apfd,0.5574372785218159
