Approach,apfd
random_apfd,0.5099319260153697
deepGini_apfd,0.5398393216807194
leastConfidence_apfd,0.5396807528476533
margin_apfd,0.5396807528476533
