Approach,apfd
random_apfd,0.49994276330716103
deepGini_apfd,0.5237065260880617
leastConfidence_apfd,0.5237189119497684
margin_apfd,0.5237189119497684
