Approach,apfd
random_apfd,0.49731880504178616
deepGini_apfd,0.5216003016795049
leastConfidence_apfd,0.5216239570678081
margin_apfd,0.5216239570678081
