Approach,apfd
random_apfd,0.4937861761204123
deepGini_apfd,0.5231047263581072
leastConfidence_apfd,0.5230313708376398
margin_apfd,0.5230313708376398
