Approach,apfd
random_apfd,0.5032346415920382
deepGini_apfd,0.525413747543288
leastConfidence_apfd,0.5253863068852901
margin_apfd,0.5253863068852901
