Approach,apfd
random_apfd,0.5006093520862401
deepGini_apfd,0.5959714095353925
leastConfidence_apfd,0.5959724836553468
margin_apfd,0.5959724836553468
