Approach,apfd
random_apfd,0.5003766752129261
deepGini_apfd,0.5244472401447144
leastConfidence_apfd,0.5242620038862662
margin_apfd,0.5242620038862662
