Approach,apfd
random_apfd,0.49542760540490005
deepGini_apfd,0.5273894751899816
leastConfidence_apfd,0.5272855625324917
margin_apfd,0.5272855625324917
