Approach,apfd
random_apfd,0.49959372468335006
deepGini_apfd,0.5247537010393156
leastConfidence_apfd,0.5245910323661906
margin_apfd,0.5245910323661906
