Approach,apfd
random_apfd,0.5011682886609429
deepGini_apfd,0.5262034452391176
leastConfidence_apfd,0.5263058225457204
margin_apfd,0.5263058225457204
