Approach,apfd
random_apfd,0.5066153757966386
deepGini_apfd,0.5425290682345799
leastConfidence_apfd,0.5425290682345799
margin_apfd,0.5425290682345799
