Approach,apfd
random_apfd,0.5021131064160179
deepGini_apfd,0.5236345620642123
leastConfidence_apfd,0.5237119717157978
margin_apfd,0.5237119717157978
