Approach,apfd
random_apfd,0.49706927659905287
deepGini_apfd,0.5734088255286768
leastConfidence_apfd,0.5734088096239977
margin_apfd,0.5734088096239977
