Approach,apfd
random_apfd,0.4954360545058285
deepGini_apfd,0.526519227060895
leastConfidence_apfd,0.5266624377607144
margin_apfd,0.5266624377607144
