Approach,apfd
random_apfd,0.49792479951954405
deepGini_apfd,0.5578806012316232
leastConfidence_apfd,0.5578809720334491
margin_apfd,0.5578809720334491
