Approach,apfd
random_apfd,0.5010338873712937
deepGini_apfd,0.5223962914664021
leastConfidence_apfd,0.5222632820524457
margin_apfd,0.5222632820524457
