Approach,apfd
random_apfd,0.5025635767970308
deepGini_apfd,0.5825234464872554
leastConfidence_apfd,0.5825234464872554
margin_apfd,0.5825234464872554
