Approach,apfd
random_apfd,0.5006882048962231
deepGini_apfd,0.5229260695218841
leastConfidence_apfd,0.5226474987427802
margin_apfd,0.5226474987427802
