Approach,apfd
random_apfd,0.4992858429825654
deepGini_apfd,0.5248854147501688
leastConfidence_apfd,0.5249095862591372
margin_apfd,0.5249095862591372
