Approach,apfd
random_apfd,0.5023981270285663
deepGini_apfd,0.5259510039548266
leastConfidence_apfd,0.5259505276976177
margin_apfd,0.5259505276976177
