Approach,apfd
random_apfd,0.4962788312161348
deepGini_apfd,0.5208659187711394
leastConfidence_apfd,0.5208302903769527
margin_apfd,0.5208302903769527
