Approach,apfd
random_apfd,0.5042282199031093
deepGini_apfd,0.5893265190824567
leastConfidence_apfd,0.5893243285584212
margin_apfd,0.5893243285584212
