Approach,apfd
random_apfd,0.4975355244352082
deepGini_apfd,0.525884257532179
leastConfidence_apfd,0.5260465023720006
margin_apfd,0.5260465023720006
