Approach,apfd
random_apfd,0.5020578907770304
deepGini_apfd,0.5229389214631209
leastConfidence_apfd,0.5229357337032722
margin_apfd,0.5229357337032722
