Approach,apfd
random_apfd,0.5005653254774727
deepGini_apfd,0.5243147145615504
leastConfidence_apfd,0.5245207845606049
margin_apfd,0.5245207845606049
