Approach,apfd
random_apfd,0.5006661220769498
deepGini_apfd,0.5235881400590877
leastConfidence_apfd,0.5236203434255803
margin_apfd,0.5236203434255803
