Approach,apfd
random_apfd,0.5021572416235868
deepGini_apfd,0.57726602708492
leastConfidence_apfd,0.5772663637777747
margin_apfd,0.5772663637777747
