Approach,apfd
random_apfd,0.4966964641839269
deepGini_apfd,0.5608807056448447
leastConfidence_apfd,0.5608825312837981
margin_apfd,0.5608825312837981
