Approach,apfd
random_apfd,0.5007566271819014
deepGini_apfd,0.5244790781332628
leastConfidence_apfd,0.5246387433625456
margin_apfd,0.5246387433625456
