Approach,apfd
random_apfd,0.4965699019801343
deepGini_apfd,0.5686335538276636
leastConfidence_apfd,0.5686335359984139
margin_apfd,0.5686335359984139
