Approach,apfd
random_apfd,0.5006998248266287
deepGini_apfd,0.5264259219625417
leastConfidence_apfd,0.5263276763840811
margin_apfd,0.5263276763840811
