Approach,apfd
random_apfd,0.4989516055785792
deepGini_apfd,0.5777337640285861
leastConfidence_apfd,0.5777339339549069
margin_apfd,0.5777339339549069
