Approach,apfd
random_apfd,0.5045000362359341
deepGini_apfd,0.5727538286232762
leastConfidence_apfd,0.5727537958676295
margin_apfd,0.5727537958676295
