Approach,apfd
random_apfd,0.4984021173053732
deepGini_apfd,0.5214846076169497
leastConfidence_apfd,0.5215608769154269
margin_apfd,0.5215608769154269
