Approach,apfd
random_apfd,0.49937855987343216
deepGini_apfd,0.5727538286232762
leastConfidence_apfd,0.5727537958676295
margin_apfd,0.5727537958676295
