Approach,apfd
random_apfd,0.4983869327460869
deepGini_apfd,0.5265384633399833
leastConfidence_apfd,0.5263489748102912
margin_apfd,0.5263489748102912
