Approach,apfd
random_apfd,0.5026898048270133
deepGini_apfd,0.5903175271763591
leastConfidence_apfd,0.5903175271763591
margin_apfd,0.5903175271763591
