Approach,apfd
random_apfd,0.4992008897115662
deepGini_apfd,0.5258058888271108
leastConfidence_apfd,0.5255993267794971
margin_apfd,0.5255993267794971
