Approach,apfd
random_apfd,0.49707322325367664
deepGini_apfd,0.5268845234488326
leastConfidence_apfd,0.5269307168562402
margin_apfd,0.5269307168562402
