Approach,apfd
random_apfd,0.5013803389765393
deepGini_apfd,0.5256701333522468
leastConfidence_apfd,0.5257788036968973
margin_apfd,0.5257788036968973
