Approach,apfd
random_apfd,0.5021964070361769
deepGini_apfd,0.5899868163779796
leastConfidence_apfd,0.5899868163779796
margin_apfd,0.5899868163779796
