Approach,apfd
random_apfd,0.5012977604602235
deepGini_apfd,0.5254510570416311
leastConfidence_apfd,0.5253896700569708
margin_apfd,0.5253896700569708
