Approach,apfd
random_apfd,0.4979236171325011
deepGini_apfd,0.5237853201877348
leastConfidence_apfd,0.5234732591310322
margin_apfd,0.5234732591310322
