Approach,apfd
random_apfd,0.4980247352527969
deepGini_apfd,0.5280564835404794
leastConfidence_apfd,0.5279377563973854
margin_apfd,0.5279377563973854
