Approach,apfd
random_apfd,0.5027129536655176
deepGini_apfd,0.5243966419817842
leastConfidence_apfd,0.5244437956688343
margin_apfd,0.5244437956688343
