Approach,apfd
random_apfd,0.49655973841667045
deepGini_apfd,0.5268125504504219
leastConfidence_apfd,0.5268192676968966
margin_apfd,0.5268192676968966
