Approach,apfd
random_apfd,0.49940659575538326
deepGini_apfd,0.5739715917017297
leastConfidence_apfd,0.5739737045979659
margin_apfd,0.5739737045979659
