Approach,apfd
random_apfd,0.5019303844622434
deepGini_apfd,0.524103461433897
leastConfidence_apfd,0.5240336330518257
margin_apfd,0.5240336330518257
