Approach,apfd
random_apfd,0.4969493505541842
deepGini_apfd,0.5950291711647028
leastConfidence_apfd,0.5950290901226589
margin_apfd,0.5950290901226589
