Approach,apfd
random_apfd,0.49973343527005176
deepGini_apfd,0.5246597194026014
leastConfidence_apfd,0.5247223341269548
margin_apfd,0.5247223341269548
