Approach,apfd
random_apfd,0.4940730280981138
deepGini_apfd,0.5238141522204162
leastConfidence_apfd,0.5238441188676832
margin_apfd,0.5238441188676832
