Approach,apfd
random_apfd,0.501082610060784
deepGini_apfd,0.5269730101333714
leastConfidence_apfd,0.52690372002226
margin_apfd,0.52690372002226
