Approach,apfd
random_apfd,0.5014681921044787
deepGini_apfd,0.5247608282501625
leastConfidence_apfd,0.524654129624346
margin_apfd,0.524654129624346
