Approach,apfd
random_apfd,0.5021492547220453
deepGini_apfd,0.5891458823586445
leastConfidence_apfd,0.5891458823586445
margin_apfd,0.5891458823586445
