Approach,apfd
random_apfd,0.4972273571733171
deepGini_apfd,0.5211690619830586
leastConfidence_apfd,0.5211108038206226
margin_apfd,0.5211108038206226
