Approach,apfd
random_apfd,0.49884090980171425
deepGini_apfd,0.5269852438693671
leastConfidence_apfd,0.5270537833496313
margin_apfd,0.5270537833496313
