Approach,apfd
random_apfd,0.49667167060176354
deepGini_apfd,0.6031567253302855
leastConfidence_apfd,0.6027475442031058
margin_apfd,0.6027475442031058
