Approach,apfd
random_apfd,0.5009679905039566
deepGini_apfd,0.5197746417368918
leastConfidence_apfd,0.5155002778973603
margin_apfd,0.5155002778973603
