Approach,apfd
random_apfd,0.5057191756795532
deepGini_apfd,0.593119448011239
leastConfidence_apfd,0.5894463920830736
margin_apfd,0.5894463920830736
