Approach,apfd
random_apfd,0.5099975673358632
deepGini_apfd,0.6037840529515219
leastConfidence_apfd,0.6051799732593017
margin_apfd,0.6051799732593017
