Approach,apfd
random_apfd,0.5032086793505419
deepGini_apfd,0.5683423704185424
leastConfidence_apfd,0.5639076342585759
margin_apfd,0.5639076342585759
