Approach,apfd
random_apfd,0.500222122218729
deepGini_apfd,0.599207292765164
leastConfidence_apfd,0.594315644257596
margin_apfd,0.594315644257596
