Approach,apfd
random_apfd,0.4972357532899574
deepGini_apfd,0.5806972950787369
leastConfidence_apfd,0.577240424736366
margin_apfd,0.577240424736366
