Approach,apfd
random_apfd,0.5007085533632998
deepGini_apfd,0.5926084318126903
leastConfidence_apfd,0.5858244875599683
margin_apfd,0.5858244875599683
