Approach,apfd
random_apfd,0.49542062434232326
deepGini_apfd,0.5875687635868556
leastConfidence_apfd,0.5864829555729618
margin_apfd,0.5864829555729618
