Approach,apfd
random_apfd,0.49401041033695137
deepGini_apfd,0.625766335456148
leastConfidence_apfd,0.622801391453129
margin_apfd,0.622801391453129
