Approach,apfd
random_apfd,0.5010124710742696
deepGini_apfd,0.581566534986392
leastConfidence_apfd,0.5793524898373701
margin_apfd,0.5793524898373701
