Approach,apfd
random_apfd,0.5002522431344718
deepGini_apfd,0.6028279593069565
leastConfidence_apfd,0.6016134537309576
margin_apfd,0.6016134537309576
