Approach,apfd
random_apfd,0.49284552519767255
deepGini_apfd,0.526821010989973
leastConfidence_apfd,0.5272315901963271
margin_apfd,0.5272315901963271
