Approach,apfd
random_apfd,0.500805212299358
deepGini_apfd,0.5521986535655667
leastConfidence_apfd,0.5525900421260939
margin_apfd,0.5525900421260939
