Approach,apfd
random_apfd,0.4939667694429041
deepGini_apfd,0.5623620353066316
leastConfidence_apfd,0.5658916767285176
margin_apfd,0.5658916767285176
