Approach,apfd
random_apfd,0.4988215450678811
deepGini_apfd,0.5135420020936805
leastConfidence_apfd,0.5137684499742663
margin_apfd,0.5137684499742663
