Approach,apfd
random_apfd,0.5049145413776628
deepGini_apfd,0.38327725490763775
leastConfidence_apfd,0.37964757632081325
margin_apfd,0.37964757632081325
