Approach,apfd
random_apfd,0.4922820476875277
deepGini_apfd,0.40057768795553916
leastConfidence_apfd,0.39776385823251936
margin_apfd,0.39776385823251936
