Approach,apfd
random_apfd,0.506387633931618
deepGini_apfd,0.6217184023749402
leastConfidence_apfd,0.617090800518665
margin_apfd,0.617090800518665
