Approach,apfd
random_apfd,0.498404869720644
deepGini_apfd,0.5959427206736114
leastConfidence_apfd,0.5911040927518372
margin_apfd,0.5911040927518372
