Approach,apfd
random_apfd,0.4991082280762723
deepGini_apfd,0.5828194948268268
leastConfidence_apfd,0.5808321347453282
margin_apfd,0.5808321347453282
