Approach,apfd
random_apfd,0.5012144679200381
deepGini_apfd,0.5707711079176383
leastConfidence_apfd,0.5688074629905469
margin_apfd,0.5688074629905469
