Approach,apfd
random_apfd,0.4983941195269467
deepGini_apfd,0.5884801658658809
leastConfidence_apfd,0.5872715553854126
margin_apfd,0.5872715553854126
