Approach,apfd
random_apfd,0.49506261723831213
deepGini_apfd,0.6029662519402526
leastConfidence_apfd,0.598462575804839
margin_apfd,0.598462575804839
