Approach,apfd
random_apfd,0.5002723392864379
deepGini_apfd,0.5754429849304556
leastConfidence_apfd,0.5724862807454236
margin_apfd,0.5724862807454236
