Approach,apfd
random_apfd,0.49113022057129063
deepGini_apfd,0.5208350089603075
leastConfidence_apfd,0.5233134557163766
margin_apfd,0.5233134557163766
