Approach,apfd
random_apfd,0.5062140817249798
deepGini_apfd,0.6012416708953137
leastConfidence_apfd,0.6002762253628564
margin_apfd,0.6002762253628564
