Approach,apfd
random_apfd,0.49788616418535625
deepGini_apfd,0.5052380231855056
leastConfidence_apfd,0.507053802136527
margin_apfd,0.507053802136527
