Approach,apfd
random_apfd,0.4997572305824417
deepGini_apfd,0.5941396744787921
leastConfidence_apfd,0.5908638007730344
margin_apfd,0.5908638007730344
