Approach,apfd
random_apfd,0.49853155645698854
deepGini_apfd,0.626470144420538
leastConfidence_apfd,0.6219259675048794
margin_apfd,0.6219259675048794
