Approach,apfd
random_apfd,0.5024065857986144
deepGini_apfd,0.5577973324690141
leastConfidence_apfd,0.5559953899704018
margin_apfd,0.5559953899704018
