Approach,apfd
random_apfd,0.49602137579418515
deepGini_apfd,0.5883942229427754
leastConfidence_apfd,0.5839495117124105
margin_apfd,0.5839495117124105
