Approach,apfd
random_apfd,0.49903567488285683
deepGini_apfd,0.5353843512067689
leastConfidence_apfd,0.5328587199814285
margin_apfd,0.5328587199814285
