Approach,apfd
random_apfd,0.5003829579038896
deepGini_apfd,0.5149881061254634
leastConfidence_apfd,0.5136883302413744
margin_apfd,0.5136883302413744
