Approach,apfd
random_apfd,0.5007768794843734
deepGini_apfd,0.5655401943725136
leastConfidence_apfd,0.5662935562576914
margin_apfd,0.5662935562576914
