Approach,apfd
random_apfd,0.5037863972125229
deepGini_apfd,0.5881448733825776
leastConfidence_apfd,0.5876411581604548
margin_apfd,0.5876411581604548
