Approach,apfd
random_apfd,0.5004096479511753
deepGini_apfd,0.5951059266264344
leastConfidence_apfd,0.5896094217663862
margin_apfd,0.5896094217663862
