Approach,apfd
random_apfd,0.4995036004219777
deepGini_apfd,0.5495020944478355
leastConfidence_apfd,0.547284633306734
margin_apfd,0.547284633306734
