Approach,apfd
random_apfd,0.5050092341992343
deepGini_apfd,0.5936748935072244
leastConfidence_apfd,0.5941064531136033
margin_apfd,0.5941064531136033
