Approach,apfd
random_apfd,0.4967701667337785
deepGini_apfd,0.5680366287892913
leastConfidence_apfd,0.5669580112490011
margin_apfd,0.5669580112490011
