Approach,apfd
random_apfd,0.4990309225949864
deepGini_apfd,0.588109761931537
leastConfidence_apfd,0.5896973539693449
margin_apfd,0.5896973539693449
