Approach,apfd
random_apfd,0.4953964594767416
deepGini_apfd,0.5655070823992654
leastConfidence_apfd,0.5653013278064176
margin_apfd,0.5653013278064176
