Approach,apfd
random_apfd,0.5008691407156127
deepGini_apfd,0.633452651163996
leastConfidence_apfd,0.6334806246448068
margin_apfd,0.6334806246448068
