Approach,apfd
random_apfd,0.5023771593618394
deepGini_apfd,0.5675454679543768
leastConfidence_apfd,0.5657144303819761
margin_apfd,0.5657144303819761
