Approach,apfd
random_apfd,0.49572673881067253
deepGini_apfd,0.578706865843938
leastConfidence_apfd,0.5735501601347097
margin_apfd,0.5735501601347097
