Approach,apfd
random_apfd,0.503492004269296
deepGini_apfd,0.5732084777486801
leastConfidence_apfd,0.5665300546155826
margin_apfd,0.5665300546155826
