Approach,apfd
random_apfd,0.5003189922240875
deepGini_apfd,0.530468985170476
leastConfidence_apfd,0.5295033937949336
margin_apfd,0.5295033937949336
