Approach,apfd
random_apfd,0.49233743160556365
deepGini_apfd,0.5348971956004612
leastConfidence_apfd,0.5369490353544096
margin_apfd,0.5369490353544096
