Approach,apfd
random_apfd,0.5010366061296525
deepGini_apfd,0.5754429849304556
leastConfidence_apfd,0.5724862807454236
margin_apfd,0.5724862807454236
