Approach,apfd
random_apfd,0.5006337837564696
deepGini_apfd,0.6333393799438727
leastConfidence_apfd,0.6337212992733561
margin_apfd,0.6337212992733561
