Approach,apfd
random_apfd,0.49899095714670105
deepGini_apfd,0.6013617096040859
leastConfidence_apfd,0.5955061515518356
margin_apfd,0.5955061515518356
