Approach,apfd
random_apfd,0.5012913927947045
deepGini_apfd,0.5351411509204735
leastConfidence_apfd,0.5309995830827923
margin_apfd,0.5309995830827923
