Approach,apfd
random_apfd,0.49657931780552556
deepGini_apfd,0.5067603614661345
leastConfidence_apfd,0.506711101115673
margin_apfd,0.506711101115673
