Approach,apfd
random_apfd,0.49852317600964047
deepGini_apfd,0.5844996142136931
leastConfidence_apfd,0.5837160155162833
margin_apfd,0.5837160155162833
