Approach,apfd
random_apfd,0.49663887051402145
deepGini_apfd,0.6070837772468425
leastConfidence_apfd,0.6058065074321937
margin_apfd,0.6058065074321937
