Approach,apfd
random_apfd,0.4999732398701582
deepGini_apfd,0.49326548316785257
leastConfidence_apfd,0.4958863798095734
margin_apfd,0.4958863798095734
