Approach,apfd
random_apfd,0.5003344138353377
deepGini_apfd,0.5365813141046353
leastConfidence_apfd,0.5369901637527487
margin_apfd,0.5369901637527487
