Approach,apfd
random_apfd,0.4987487479473417
deepGini_apfd,0.5818660089381795
leastConfidence_apfd,0.5785520189651827
margin_apfd,0.5785520189651827
