Approach,apfd
random_apfd,0.4966883932310495
deepGini_apfd,0.5680784542421624
leastConfidence_apfd,0.5673289087203787
margin_apfd,0.5673289087203787
