Approach,apfd
random_apfd,0.4995377394946623
deepGini_apfd,0.5512459916688437
leastConfidence_apfd,0.5501397900736398
margin_apfd,0.5501397900736398
