Approach,apfd
random_apfd,0.5049031064186638
deepGini_apfd,0.571605431218001
leastConfidence_apfd,0.5713848125554353
margin_apfd,0.5713848125554353
