Approach,apfd
random_apfd,0.5023543655078524
deepGini_apfd,0.6020273944630583
leastConfidence_apfd,0.6006993064054387
margin_apfd,0.6006993064054387
