Approach,apfd
random_apfd,0.5080169791141683
deepGini_apfd,0.5944187957397665
leastConfidence_apfd,0.5919977253093303
margin_apfd,0.5919977253093303
