Approach,apfd
random_apfd,0.49963838203584987
deepGini_apfd,0.5981079512756464
leastConfidence_apfd,0.5978896773693576
margin_apfd,0.5978896773693576
