Approach,apfd
random_apfd,0.49906069609465387
deepGini_apfd,0.6262662403607421
leastConfidence_apfd,0.6188581086082128
margin_apfd,0.6188581086082128
