Approach,apfd
random_apfd,0.5024611731169147
deepGini_apfd,0.6134558591521517
leastConfidence_apfd,0.6095621331079177
margin_apfd,0.6095621331079177
