Approach,apfd
random_apfd,0.49999985168071615
deepGini_apfd,0.6185961920914934
leastConfidence_apfd,0.6148585461376703
margin_apfd,0.6148585461376703
