Approach,apfd
random_apfd,0.5060063961870898
deepGini_apfd,0.5492942880511567
leastConfidence_apfd,0.5465259485772032
margin_apfd,0.5465259485772032
