Approach,apfd
random_apfd,0.5006230584733825
deepGini_apfd,0.6036796038143076
leastConfidence_apfd,0.6021693360946913
margin_apfd,0.6021693360946913
