Approach,apfd
random_apfd,0.5079201857710545
deepGini_apfd,0.5676732904346329
leastConfidence_apfd,0.5680625508422363
margin_apfd,0.5680625508422363
