Approach,apfd
random_apfd,0.5046472807632199
deepGini_apfd,0.5797528713696074
leastConfidence_apfd,0.5744576265225738
margin_apfd,0.5744576265225738
