Approach,apfd
random_apfd,0.5056688089614745
deepGini_apfd,0.5830704369260233
leastConfidence_apfd,0.5810498750779576
margin_apfd,0.5810498750779576
