Approach,apfd
random_apfd,0.502434841075186
deepGini_apfd,0.5730053072752521
leastConfidence_apfd,0.5727781444597339
margin_apfd,0.5727781444597339
