Approach,apfd
random_apfd,0.5009902684508243
deepGini_apfd,0.5856702824188069
leastConfidence_apfd,0.583848203524683
margin_apfd,0.583848203524683
