Approach,apfd
random_apfd,0.4963869032630753
deepGini_apfd,0.48632548546205917
leastConfidence_apfd,0.4900028661146742
margin_apfd,0.4900028661146742
