Approach,apfd
random_apfd,0.4990850688708151
deepGini_apfd,0.49164467433389275
leastConfidence_apfd,0.494685315137192
margin_apfd,0.494685315137192
