Approach,apfd
random_apfd,0.5051200734070588
deepGini_apfd,0.5001861912134832
leastConfidence_apfd,0.5028459780142026
margin_apfd,0.5028459780142026
