Approach,apfd
random_apfd,0.501339816969235
deepGini_apfd,0.565083742019477
leastConfidence_apfd,0.5701117183484873
margin_apfd,0.5701117183484873
