Approach,apfd
random_apfd,0.5025283873418246
deepGini_apfd,0.48726048295798835
leastConfidence_apfd,0.49048372835940895
margin_apfd,0.49048372835940895
