Approach,apfd
random_apfd,0.4958359777843528
deepGini_apfd,0.5781613847286624
leastConfidence_apfd,0.5795885977671423
margin_apfd,0.5795885977671423
