Approach,apfd
random_apfd,0.49468160681994316
deepGini_apfd,0.5735077824865312
leastConfidence_apfd,0.5723669352018135
margin_apfd,0.5723669352018135
