Approach,apfd
random_apfd,0.5013643675691634
deepGini_apfd,0.4852239563124709
leastConfidence_apfd,0.48483791450285957
margin_apfd,0.48483791450285957
