Approach,apfd
random_apfd,0.4978365366254622
deepGini_apfd,0.5759557070832592
leastConfidence_apfd,0.5715010041133984
margin_apfd,0.5715010041133984
