Approach,apfd
random_apfd,0.5026966953001041
deepGini_apfd,0.46947046378873264
leastConfidence_apfd,0.47135820977184434
margin_apfd,0.47135820977184434
