Approach,apfd
random_apfd,0.4975142478194517
deepGini_apfd,0.4843099701506684
leastConfidence_apfd,0.48705746915582687
margin_apfd,0.48705746915582687
