Approach,apfd
random_apfd,0.4907614483651837
deepGini_apfd,0.5605742339929208
leastConfidence_apfd,0.5589169073731313
margin_apfd,0.5589169073731313
