Approach,apfd
random_apfd,0.4992018681132005
deepGini_apfd,0.4743332131761108
leastConfidence_apfd,0.47805121702754544
margin_apfd,0.47805121702754544
