Approach,apfd
random_apfd,0.5008812482542574
deepGini_apfd,0.47695234215388443
leastConfidence_apfd,0.47585179410131023
margin_apfd,0.47585179410131023
