Approach,apfd
random_apfd,0.4965262801415797
deepGini_apfd,0.547404373340462
leastConfidence_apfd,0.5498676867871859
margin_apfd,0.5498676867871859
