Approach,apfd
random_apfd,0.5004158352051051
deepGini_apfd,0.4853671892113041
leastConfidence_apfd,0.4856693307611864
margin_apfd,0.4856693307611864
