Approach,apfd
random_apfd,0.5021260040205535
deepGini_apfd,0.508084936427681
leastConfidence_apfd,0.5102136343800246
margin_apfd,0.5102136343800246
