Approach,apfd
random_apfd,0.4987298311130049
deepGini_apfd,0.4856788276745044
leastConfidence_apfd,0.4864072255857583
margin_apfd,0.4864072255857583
