Approach,apfd
random_apfd,0.5010136142141588
deepGini_apfd,0.5025144602680512
leastConfidence_apfd,0.49599995154882265
margin_apfd,0.49599995154882265
