Approach,apfd
random_apfd,0.501673280080497
deepGini_apfd,0.4791138234876839
leastConfidence_apfd,0.48151274021233076
margin_apfd,0.48151274021233076
