Approach,apfd
random_apfd,0.4989319669059356
deepGini_apfd,0.4662909351667675
leastConfidence_apfd,0.46442062325232786
margin_apfd,0.46442062325232786
