Approach,apfd
random_apfd,0.49977397908419746
deepGini_apfd,0.5407659718083099
leastConfidence_apfd,0.5369573954506704
margin_apfd,0.5369573954506704
