Approach,apfd
random_apfd,0.4985030749558456
deepGini_apfd,0.4857827859388966
leastConfidence_apfd,0.4883276311338763
margin_apfd,0.4883276311338763
