Approach,apfd
random_apfd,0.49864180131874497
deepGini_apfd,0.5956188681979567
leastConfidence_apfd,0.5957555974204768
margin_apfd,0.5957555974204768
