Approach,apfd
random_apfd,0.5018301467901184
deepGini_apfd,0.5209915286028906
leastConfidence_apfd,0.52107234765553
margin_apfd,0.52107234765553
