Approach,apfd
random_apfd,0.49872628117026413
deepGini_apfd,0.5421249308041521
leastConfidence_apfd,0.5455743632098364
margin_apfd,0.5455743632098364
