Approach,apfd
random_apfd,0.4967982309264353
deepGini_apfd,0.5461952571383699
leastConfidence_apfd,0.5439777498064396
margin_apfd,0.5439777498064396
