Approach,apfd
random_apfd,0.4989495790188028
deepGini_apfd,0.47860220824828986
leastConfidence_apfd,0.47957421132146555
margin_apfd,0.47957421132146555
