Approach,apfd
random_apfd,0.5003576283943983
deepGini_apfd,0.44689181989649024
leastConfidence_apfd,0.4485345988188913
margin_apfd,0.4485345988188913
