Approach,apfd
random_apfd,0.503461233304418
deepGini_apfd,0.46875789252563843
leastConfidence_apfd,0.47074938567512264
margin_apfd,0.47074938567512264
