Approach,apfd
random_apfd,0.5003595745430345
deepGini_apfd,0.562689938391899
leastConfidence_apfd,0.5673786866415974
margin_apfd,0.5673786866415974
