Approach,apfd
random_apfd,0.49967730735157007
deepGini_apfd,0.5223523534850613
leastConfidence_apfd,0.5210464522238428
margin_apfd,0.5210464522238428
