Approach,apfd
random_apfd,0.5056575903353328
deepGini_apfd,0.5660078473593201
leastConfidence_apfd,0.5697780900596975
margin_apfd,0.5697780900596975
