Approach,apfd
random_apfd,0.5070931090410995
deepGini_apfd,0.6420251454358521
leastConfidence_apfd,0.6424503500871964
margin_apfd,0.6424503500871964
