Approach,apfd
random_apfd,0.49617095282263696
deepGini_apfd,0.641383015895201
leastConfidence_apfd,0.6382826681744449
margin_apfd,0.6382826681744449
