Approach,apfd
random_apfd,0.4943686028085352
deepGini_apfd,0.5845645954383728
leastConfidence_apfd,0.5837489535266154
margin_apfd,0.5837489535266154
