Approach,apfd
random_apfd,0.49969097622315645
deepGini_apfd,0.4778218898234113
leastConfidence_apfd,0.47645733379819993
margin_apfd,0.47645733379819993
