Approach,mutation_feature_apfd,mutation_model_apfd,fusion_2_feature_apfd,fusion_3_feature_apfd
lr,0.7335881703001833,0.7357577967083968,0.7477855534143435,0.7456822208191786
rf,0.7470370858992542,0.7521575526416223,0.7543257655356984,0.7892100222864062
xgb,0.7474021730424008,0.7526218449186522,0.7562457182300919,0.7894800741623751
lgb,0.7471940566442232,0.7532873862710084,0.7577853767250763,0.7894273854228999
