Approach,apfd
random_apfd,0.499586428917614
deepGini_apfd,0.4664175237827844
leastConfidence_apfd,0.4674060507387721
margin_apfd,0.4674060507387721
