Approach,apfd
random_apfd,0.4980702601183878
deepGini_apfd,0.4888795682826211
leastConfidence_apfd,0.49024273853794736
margin_apfd,0.49024273853794736
