Approach,apfd
random_apfd,0.5001604880974354
deepGini_apfd,0.5096523962662232
leastConfidence_apfd,0.5129230486135535
margin_apfd,0.5129230486135535
