Approach,apfd
random_apfd,0.49732649388424627
deepGini_apfd,0.48907795093457335
leastConfidence_apfd,0.4876874961097492
margin_apfd,0.4876874961097492
