Approach,apfd
random_apfd,0.5007198036757595
deepGini_apfd,0.5948796750415463
leastConfidence_apfd,0.5935782416227078
margin_apfd,0.5935782416227078
