Approach,apfd
random_apfd,0.5013529799682309
deepGini_apfd,0.4840633512783101
leastConfidence_apfd,0.4855361840450229
margin_apfd,0.4855361840450229
