Approach,apfd
random_apfd,0.4988781639222321
deepGini_apfd,0.5278711139454666
leastConfidence_apfd,0.5258557198935748
margin_apfd,0.5258557198935748
