Approach,apfd
random_apfd,0.4994742250137966
deepGini_apfd,0.4818953500495749
leastConfidence_apfd,0.48156936906005504
margin_apfd,0.48156936906005504
