Approach,apfd
random_apfd,0.4983585177380994
deepGini_apfd,0.48797735202566933
leastConfidence_apfd,0.4898538154396284
margin_apfd,0.4898538154396284
