Approach,apfd
random_apfd,0.5004345605496766
deepGini_apfd,0.47447438069838993
leastConfidence_apfd,0.47319934895628474
margin_apfd,0.47319934895628474
