Approach,apfd
random_apfd,0.4985364128229805
deepGini_apfd,0.48803808907048335
leastConfidence_apfd,0.48990470461153984
margin_apfd,0.48990470461153984
