Approach,apfd
random_apfd,0.49825223259490387
deepGini_apfd,0.5357879184905813
leastConfidence_apfd,0.5392054478176697
margin_apfd,0.5392054478176697
