Approach,apfd
random_apfd,0.4997261831416479
deepGini_apfd,0.5304880758325347
leastConfidence_apfd,0.5317517807349907
margin_apfd,0.5317517807349907
