Approach,apfd
random_apfd,0.5013211087179213
deepGini_apfd,0.4924771298299336
leastConfidence_apfd,0.4940918760010479
margin_apfd,0.4940918760010479
