Approach,apfd
random_apfd,0.4950062049825568
deepGini_apfd,0.6234485148573222
leastConfidence_apfd,0.6249502938155043
margin_apfd,0.6249502938155043
