Approach,apfd
random_apfd,0.49930300949889733
deepGini_apfd,0.46772641318321234
leastConfidence_apfd,0.47106688627058807
margin_apfd,0.47106688627058807
