Approach,apfd
random_apfd,0.50255718888068
deepGini_apfd,0.5545342298837338
leastConfidence_apfd,0.5554936972432027
margin_apfd,0.5554936972432027
