Approach,apfd
random_apfd,0.49841237243962294
deepGini_apfd,0.5735592407484558
leastConfidence_apfd,0.5715522712079292
margin_apfd,0.5715522712079292
