Approach,apfd
random_apfd,0.5024813587967384
deepGini_apfd,0.4891149694989467
leastConfidence_apfd,0.48994508381963103
margin_apfd,0.48994508381963103
