Approach,apfd
random_apfd,0.5111430465317865
deepGini_apfd,0.5641979613661919
leastConfidence_apfd,0.5650667758911727
margin_apfd,0.5650667758911727
