Approach,apfd
random_apfd,0.49994558971538755
deepGini_apfd,0.512999133665766
leastConfidence_apfd,0.5155491792298351
margin_apfd,0.5155491792298351
