Approach,apfd
random_apfd,0.49713057951232525
deepGini_apfd,0.47713745985365147
leastConfidence_apfd,0.47912037660509327
margin_apfd,0.47912037660509327
