Approach,apfd
random_apfd,0.4984520396557916
deepGini_apfd,0.5439224352160553
leastConfidence_apfd,0.5429809910864257
margin_apfd,0.5429809910864257
