Approach,apfd
random_apfd,0.5031051822472673
deepGini_apfd,0.6016209811910241
leastConfidence_apfd,0.6047362993243571
margin_apfd,0.6047362993243571
