Approach,apfd
random_apfd,0.498629142471769
deepGini_apfd,0.4755863867869096
leastConfidence_apfd,0.4738854339381166
margin_apfd,0.4738854339381166
