Approach,apfd
random_apfd,0.5011696575463254
deepGini_apfd,0.4717117995950649
leastConfidence_apfd,0.47371062727738794
margin_apfd,0.47371062727738794
