Approach,apfd
random_apfd,0.5041597995385577
deepGini_apfd,0.4847788652976734
leastConfidence_apfd,0.4861164099504776
margin_apfd,0.4861164099504776
