Approach,apfd
random_apfd,0.500930661902038
deepGini_apfd,0.48384215386948043
leastConfidence_apfd,0.48379423764791823
margin_apfd,0.48379423764791823
