Approach,apfd
random_apfd,0.49920087747095093
deepGini_apfd,0.4924787377815288
leastConfidence_apfd,0.4940635505610575
margin_apfd,0.4940635505610575
