Approach,apfd
random_apfd,0.5000105998218898
deepGini_apfd,0.5149582524975674
leastConfidence_apfd,0.5129691439600469
margin_apfd,0.5129691439600469
