Approach,apfd
random_apfd,0.4992933452865907
deepGini_apfd,0.5660675309354418
leastConfidence_apfd,0.571637800330915
margin_apfd,0.571637800330915
