Approach,apfd
random_apfd,0.5032196082114986
deepGini_apfd,0.5831693392672209
leastConfidence_apfd,0.5818862841470388
margin_apfd,0.5818862841470388
