Approach,apfd
random_apfd,0.4976679275772155
deepGini_apfd,0.4573675961947084
leastConfidence_apfd,0.4579686983546954
margin_apfd,0.4579686983546954
