Approach,apfd
random_apfd,0.49799360288429234
deepGini_apfd,0.4988574287784608
leastConfidence_apfd,0.49889787129257096
margin_apfd,0.49889787129257096
