Approach,apfd
random_apfd,0.5025597985835404
deepGini_apfd,0.4735314974784322
leastConfidence_apfd,0.4769213384602637
margin_apfd,0.4769213384602637
