Approach,apfd
random_apfd,0.4974817510016846
deepGini_apfd,0.5245251289000983
leastConfidence_apfd,0.5244959363864042
margin_apfd,0.5244959363864042
