Approach,apfd
random_apfd,0.503456620780072
deepGini_apfd,0.8175625860373648
leastConfidence_apfd,0.8274818911832186
margin_apfd,0.8274818911832186
