Approach,apfd
random_apfd,0.5031423348017622
deepGini_apfd,0.8129872980910425
leastConfidence_apfd,0.8168472980910426
margin_apfd,0.8168472980910426
