Approach,apfd
random_apfd,0.48984969939879763
deepGini_apfd,0.8195744488977956
leastConfidence_apfd,0.8265057782231129
margin_apfd,0.8265057782231129
