Approach,apfd
random_apfd,0.4942141472045294
deepGini_apfd,0.8361334677990092
leastConfidence_apfd,0.8347391719745223
margin_apfd,0.8347391719745223
