Approach,apfd
random_apfd,0.4999178858625162
deepGini_apfd,0.8022557328145266
leastConfidence_apfd,0.805534617380026
margin_apfd,0.805534617380026
