Approach,apfd
random_apfd,0.4976357304876792
deepGini_apfd,0.6839920352613672
leastConfidence_apfd,0.6802512991030003
margin_apfd,0.6802512991030003
