Approach,apfd
random_apfd,0.5031163856362216
deepGini_apfd,0.7430154332552693
leastConfidence_apfd,0.74689056206089
margin_apfd,0.74689056206089
