Approach,apfd
random_apfd,0.5096960517120894
deepGini_apfd,0.8200834381551363
leastConfidence_apfd,0.8292479035639413
margin_apfd,0.8292479035639413
