Approach,apfd
random_apfd,0.5009090459569517
deepGini_apfd,0.8122187027341478
leastConfidence_apfd,0.822554537521815
margin_apfd,0.822554537521815
