Approach,apfd
random_apfd,0.49671197033898307
deepGini_apfd,0.8187038488700565
leastConfidence_apfd,0.8258016596045198
margin_apfd,0.8258016596045198
