Approach,apfd
random_apfd,0.4994317908817909
deepGini_apfd,0.7640895304395304
leastConfidence_apfd,0.7625493174993175
margin_apfd,0.7625493174993175
