Approach,apfd
random_apfd,0.5045967730496453
deepGini_apfd,0.8204545035460993
leastConfidence_apfd,0.8287170567375887
margin_apfd,0.8287170567375887
