Approach,apfd
random_apfd,0.49750139922068726
deepGini_apfd,0.8218951647183846
leastConfidence_apfd,0.8276147538080056
margin_apfd,0.8276147538080056
