Approach,apfd
random_apfd,0.4997988073941563
deepGini_apfd,0.8099843172331544
leastConfidence_apfd,0.8190519379844962
margin_apfd,0.8190519379844962
