Approach,apfd
random_apfd,0.4972498334721066
deepGini_apfd,0.7969210241465445
leastConfidence_apfd,0.8008596863724674
margin_apfd,0.8008596863724674
