Approach,apfd
random_apfd,0.48473903119868633
deepGini_apfd,0.8128636617405584
leastConfidence_apfd,0.8206515763546798
margin_apfd,0.8206515763546798
