Approach,apfd
random_apfd,0.5065682178217822
deepGini_apfd,0.8129425082508251
leastConfidence_apfd,0.8201884488448845
margin_apfd,0.8201884488448845
