Approach,apfd
random_apfd,0.5015014120922833
deepGini_apfd,0.8026850636435958
leastConfidence_apfd,0.8054026849642005
margin_apfd,0.8054026849642005
