Approach,apfd
random_apfd,0.49682023753342774
deepGini_apfd,0.7428630722038697
leastConfidence_apfd,0.7476602878716375
margin_apfd,0.7476602878716375
