Approach,apfd
random_apfd,0.49847303642872187
deepGini_apfd,0.805634333543904
leastConfidence_apfd,0.8096433880817014
margin_apfd,0.8096433880817014
