Approach,apfd
random_apfd,0.4983195697796432
deepGini_apfd,0.8168833333333333
leastConfidence_apfd,0.8246955403987408
margin_apfd,0.8246955403987408
