Approach,apfd
random_apfd,0.4996203875968992
deepGini_apfd,0.7950144341085271
leastConfidence_apfd,0.8018007286821706
margin_apfd,0.8018007286821706
