Approach,mutation_feature_apfd,mutation_model_apfd,fusion_2_feature_apfd,fusion_3_feature_apfd
lr,0.526536960915362,0.5825745873624413,0.5826605288518004,0.6137531437801803
rf,0.526536960915362,0.5826964705162002,0.5829971558995778,0.640255934029885
xgb,0.526536960915362,0.5826964705162002,0.5829971558995778,0.6404296429220354
lgb,0.526536960915362,0.5826964705162002,0.5829971558995778,0.6403720648698993
