Approach,apfd
random_apfd,0.5050580636822111
deepGini_apfd,0.5540067875936
leastConfidence_apfd,0.5550139239043314
margin_apfd,0.5550139239043314
