Approach,apfd
random_apfd,0.4982807706229083
deepGini_apfd,0.54513027744896
leastConfidence_apfd,0.5465174709253929
margin_apfd,0.5465174709253929
