Approach,apfd
random_apfd,0.5069803768367588
deepGini_apfd,0.6008386257453853
leastConfidence_apfd,0.6014815251870521
margin_apfd,0.6014815251870521
