Approach,apfd
random_apfd,0.5007910577201574
deepGini_apfd,0.5634504795379253
leastConfidence_apfd,0.5625109235627391
margin_apfd,0.5625109235627391
