Approach,apfd
random_apfd,0.5000736040145665
deepGini_apfd,0.5518996937197328
leastConfidence_apfd,0.5554922744350644
margin_apfd,0.5554922744350644
