Approach,apfd
random_apfd,0.5041621101218661
deepGini_apfd,0.5527596055221823
leastConfidence_apfd,0.5559546269308815
margin_apfd,0.5559546269308815
