Approach,apfd
random_apfd,0.49565007979778275
deepGini_apfd,0.5468058338063589
leastConfidence_apfd,0.548373398428704
margin_apfd,0.548373398428704
