Approach,apfd
random_apfd,0.5014849069377915
deepGini_apfd,0.5349609841426283
leastConfidence_apfd,0.5343454865719511
margin_apfd,0.5343454865719511
