Approach,apfd
random_apfd,0.5029064881179278
deepGini_apfd,0.5531296397080576
leastConfidence_apfd,0.5514902430176108
margin_apfd,0.5514902430176108
