Approach,apfd
random_apfd,0.4985099759536846
deepGini_apfd,0.5524817610191807
leastConfidence_apfd,0.5571897741486738
margin_apfd,0.5571897741486738
