Approach,apfd
random_apfd,0.4975674244276054
deepGini_apfd,0.5587048030325957
leastConfidence_apfd,0.5578345613483722
margin_apfd,0.5578345613483722
