Approach,apfd
random_apfd,0.507190359537904
deepGini_apfd,0.4912968721468025
leastConfidence_apfd,0.4914069743699737
margin_apfd,0.4914069743699737
