Approach,apfd
random_apfd,0.5001341034223415
deepGini_apfd,0.5479483757624277
leastConfidence_apfd,0.5521774616267224
margin_apfd,0.5521774616267224
