Approach,apfd
random_apfd,0.5013467014200331
deepGini_apfd,0.5327525125862941
leastConfidence_apfd,0.5315621499317417
margin_apfd,0.5315621499317417
