Approach,apfd
random_apfd,0.49953033432838856
deepGini_apfd,0.5680310395744896
leastConfidence_apfd,0.5715495047521555
margin_apfd,0.5715495047521555
