Approach,apfd
random_apfd,0.49912916243604877
deepGini_apfd,0.5992974061404533
leastConfidence_apfd,0.5991257288910609
margin_apfd,0.5991257288910609
