Approach,apfd
random_apfd,0.500748999374446
deepGini_apfd,0.5487639462715189
leastConfidence_apfd,0.5520876840690342
margin_apfd,0.5520876840690342
