Approach,apfd
random_apfd,0.5003294470074027
deepGini_apfd,0.5596457857983971
leastConfidence_apfd,0.5617614674021006
margin_apfd,0.5617614674021006
