Approach,apfd
random_apfd,0.503977747165445
deepGini_apfd,0.5442463628556827
leastConfidence_apfd,0.5465182598125421
margin_apfd,0.5465182598125421
