Approach,apfd
random_apfd,0.49894385182999446
deepGini_apfd,0.5415013204108413
leastConfidence_apfd,0.5396848430933661
margin_apfd,0.5396848430933661
