Approach,apfd
random_apfd,0.5029752449437715
deepGini_apfd,0.5517421446933711
leastConfidence_apfd,0.5556813529317611
margin_apfd,0.5556813529317611
