Approach,apfd
random_apfd,0.5004623434070544
deepGini_apfd,0.6175294169111513
leastConfidence_apfd,0.6163452116998106
margin_apfd,0.6163452116998106
