Approach,apfd
random_apfd,0.49395669003933773
deepGini_apfd,0.5885124624604131
leastConfidence_apfd,0.5885728897695862
margin_apfd,0.5885728897695862
