Approach,apfd
random_apfd,0.5065795475693732
deepGini_apfd,0.5424125721678
leastConfidence_apfd,0.5395527092811675
margin_apfd,0.5395527092811675
