Approach,apfd
random_apfd,0.5020356484067346
deepGini_apfd,0.5501920491536023
leastConfidence_apfd,0.5517941235627105
margin_apfd,0.5517941235627105
