Approach,apfd
random_apfd,0.49701036324547554
deepGini_apfd,0.5380747168775948
leastConfidence_apfd,0.5415984743675634
margin_apfd,0.5415984743675634
