Approach,apfd
random_apfd,0.5015622672892849
deepGini_apfd,0.561160559606165
leastConfidence_apfd,0.5626932077014896
margin_apfd,0.5626932077014896
