Approach,apfd
random_apfd,0.5003557328355667
deepGini_apfd,0.5402333281482634
leastConfidence_apfd,0.5387489166907402
margin_apfd,0.5387489166907402
