Approach,apfd
random_apfd,0.5029400775318732
deepGini_apfd,0.5470255391979214
leastConfidence_apfd,0.5470124821731537
margin_apfd,0.5470124821731537
