Approach,mutation_feature_apfd,mutation_model_apfd,fusion_2_feature_apfd,fusion_3_feature_apfd
lr,0.4999447358745893,0.6027805396539851,0.6027805396539851,0.6123220538388829
rf,0.4999447358745893,0.6135873429484665,0.6136635023665415,0.7484296941501082
xgb,0.4999447358745893,0.6136903430416508,0.6136903430416508,0.7498688092175719
lgb,0.4999447358745893,0.6136968736518978,0.6136968736518978,0.737487038201729
