Approach,apfd
random_apfd,0.4963864593195165
deepGini_apfd,0.5885124624604131
leastConfidence_apfd,0.5885728897695862
margin_apfd,0.5885728897695862
