Approach,apfd
random_apfd,0.5010393016883316
deepGini_apfd,0.5044151135934382
leastConfidence_apfd,0.5034372202568483
margin_apfd,0.5034372202568483
