Approach,apfd
random_apfd,0.4985285693390753
deepGini_apfd,0.5390525376100112
leastConfidence_apfd,0.5410257617788582
margin_apfd,0.5410257617788582
