Approach,apfd
random_apfd,0.49517770961653407
deepGini_apfd,0.5531296397080576
leastConfidence_apfd,0.5514902430176108
margin_apfd,0.5514902430176108
