Approach,apfd
random_apfd,0.4997485919867495
deepGini_apfd,0.5806124581456048
leastConfidence_apfd,0.580516097300176
margin_apfd,0.580516097300176
