Approach,apfd
random_apfd,0.5040792372906943
deepGini_apfd,0.5518416467203741
leastConfidence_apfd,0.5555311355954463
margin_apfd,0.5555311355954463
