Approach,apfd
random_apfd,0.5043493458962194
deepGini_apfd,0.5247708488540983
leastConfidence_apfd,0.5238372114041506
margin_apfd,0.5238372114041506
