Approach,apfd
random_apfd,0.49991625700498843
deepGini_apfd,0.5785664125159359
leastConfidence_apfd,0.5787248795019918
margin_apfd,0.5787248795019918
