Approach,apfd
random_apfd,0.5021685474890681
deepGini_apfd,0.504316658752105
leastConfidence_apfd,0.5063037866616081
margin_apfd,0.5063037866616081
