Approach,apfd
random_apfd,0.501100847604693
deepGini_apfd,0.5889656582334638
leastConfidence_apfd,0.5883150910246219
margin_apfd,0.5883150910246219
