Approach,apfd
random_apfd,0.496424890456324
deepGini_apfd,0.513102683265129
leastConfidence_apfd,0.5151719245419529
margin_apfd,0.5151719245419529
