Approach,apfd
random_apfd,0.4955887883398137
deepGini_apfd,0.5466498993862584
leastConfidence_apfd,0.5506861321169151
margin_apfd,0.5506861321169151
