Approach,apfd
random_apfd,0.49865014935067764
deepGini_apfd,0.5596457857983971
leastConfidence_apfd,0.5617614674021006
margin_apfd,0.5617614674021006
