Approach,apfd
random_apfd,0.5019302639385156
deepGini_apfd,0.5131861156133443
leastConfidence_apfd,0.5113648068935136
margin_apfd,0.5113648068935136
