Approach,apfd
random_apfd,0.49516543008173297
deepGini_apfd,0.5658804264241774
leastConfidence_apfd,0.569462773813271
margin_apfd,0.569462773813271
