Approach,mutation_feature_apfd,mutation_model_apfd,fusion_2_feature_apfd,fusion_3_feature_apfd
lr,0.4999447358745893,0.5794553811550104,0.5794553811550104,0.6160268118393394
rf,0.4999447358745893,0.5804531812571007,0.5804412771915791,0.6153240064514449
xgb,0.4999447358745893,0.5804531812571007,0.5804531812571007,0.6251890319052632
lgb,0.4999447358745893,0.5804531812571007,0.5804531812571007,0.6282503984403786
