Approach,apfd
random_apfd,0.5017723615621074
deepGini_apfd,0.5710690343790682
leastConfidence_apfd,0.570611140598743
margin_apfd,0.570611140598743
