Approach,apfd
random_apfd,0.5018290819995762
deepGini_apfd,0.5964319389680213
leastConfidence_apfd,0.5970234432021383
margin_apfd,0.5970234432021383
