Approach,apfd
random_apfd,0.5004204504568571
deepGini_apfd,0.5308428180098562
leastConfidence_apfd,0.5306943503411145
margin_apfd,0.5306943503411145
