Approach,apfd
random_apfd,0.4999112749394867
deepGini_apfd,0.5440950701021642
leastConfidence_apfd,0.542937293985356
margin_apfd,0.542937293985356
