Approach,apfd
random_apfd,0.504435926604404
deepGini_apfd,0.5548702285432549
leastConfidence_apfd,0.5565652860747844
margin_apfd,0.5565652860747844
