Approach,apfd
random_apfd,0.4987380505257113
deepGini_apfd,0.5268537070577431
leastConfidence_apfd,0.528708732963041
margin_apfd,0.528708732963041
