Approach,apfd
random_apfd,0.503963363002098
deepGini_apfd,0.544063957333725
leastConfidence_apfd,0.5468023519044138
margin_apfd,0.5468023519044138
