Approach,apfd
random_apfd,0.5005858684169396
deepGini_apfd,0.5201451366659043
leastConfidence_apfd,0.5230723360039146
margin_apfd,0.5230723360039146
