Approach,apfd
random_apfd,0.5034678769299482
deepGini_apfd,0.5264485988289076
leastConfidence_apfd,0.525364237820083
margin_apfd,0.525364237820083
