Approach,mutation_feature_apfd,mutation_model_apfd,fusion_2_feature_apfd,fusion_3_feature_apfd
lr,0.5078509068910887,0.5726061035883893,0.5724663215143105,0.5755067346327398
rf,0.5078509068910887,0.5761443755903085,0.57558059055252,0.7120701754441986
xgb,0.5078509068910887,0.5761959190659397,0.5755815352057905,0.7334659599915124
lgb,0.5077444537809893,0.5754119632912529,0.5751439611669272,0.7255758566421872
