Approach,apfd
random_apfd,0.49711997729802593
deepGini_apfd,0.5316972505690619
leastConfidence_apfd,0.5318510309609744
margin_apfd,0.5318510309609744
