Approach,apfd
random_apfd,0.5029219387925719
deepGini_apfd,0.5639036228458821
leastConfidence_apfd,0.5670249494479209
margin_apfd,0.5670249494479209
