Approach,apfd
random_apfd,0.5019710660832507
deepGini_apfd,0.5405810175030205
leastConfidence_apfd,0.5410414720732476
margin_apfd,0.5410414720732476
