Approach,apfd
random_apfd,0.5016645861161234
deepGini_apfd,0.5451030404620645
leastConfidence_apfd,0.5490577545475978
margin_apfd,0.5490577545475978
