Approach,apfd
random_apfd,0.49766375920395056
deepGini_apfd,0.545812907695905
leastConfidence_apfd,0.548085590103401
margin_apfd,0.548085590103401
