Approach,apfd
random_apfd,0.5008084906861815
deepGini_apfd,0.5375028809721621
leastConfidence_apfd,0.5368759597252264
margin_apfd,0.5368759597252264
