Approach,apfd
random_apfd,0.4971504360558813
deepGini_apfd,0.5599140251454253
leastConfidence_apfd,0.5631610501063603
margin_apfd,0.5631610501063603
