Approach,apfd
random_apfd,0.5043593752685942
deepGini_apfd,0.5186093767188366
leastConfidence_apfd,0.520214848214443
margin_apfd,0.520214848214443
