Approach,apfd
random_apfd,0.501253323600879
deepGini_apfd,0.5301721292793644
leastConfidence_apfd,0.5318962490792889
margin_apfd,0.5318962490792889
