Approach,apfd
random_apfd,0.5023538246466627
deepGini_apfd,0.5522209847558174
leastConfidence_apfd,0.556734367171913
margin_apfd,0.556734367171913
