Approach,apfd
random_apfd,0.5000177321859891
deepGini_apfd,0.5315543559170123
leastConfidence_apfd,0.5312863430404623
margin_apfd,0.5312863430404623
