Approach,apfd
random_apfd,0.4969286036480297
deepGini_apfd,0.6122107806027922
leastConfidence_apfd,0.6124378737470705
margin_apfd,0.6124378737470705
