Approach,apfd
random_apfd,0.5019497080302516
deepGini_apfd,0.48955325951948825
leastConfidence_apfd,0.4893584265109183
margin_apfd,0.4893584265109183
