Approach,apfd
random_apfd,0.4995435643705791
deepGini_apfd,0.5729119059362128
leastConfidence_apfd,0.570205649627462
margin_apfd,0.570205649627462
