Approach,apfd
random_apfd,0.4961582574921317
deepGini_apfd,0.6374761379477161
leastConfidence_apfd,0.6376434363854775
margin_apfd,0.6376434363854775
