Approach,apfd
random_apfd,0.4923044474393531
deepGini_apfd,0.8378279489154152
leastConfidence_apfd,0.8420157681940701
margin_apfd,0.8490500898472596
