Approach,apfd
random_apfd,0.5059469615728328
deepGini_apfd,0.9052851206434317
leastConfidence_apfd,0.9056046619005064
margin_apfd,0.9070185731307715
