Approach,apfd
random_apfd,0.5022535257413095
deepGini_apfd,0.48521201958439414
leastConfidence_apfd,0.4852632854031375
margin_apfd,0.4852632854031375
