Approach,apfd
random_apfd,0.4993627187830877
deepGini_apfd,0.6113064282229489
leastConfidence_apfd,0.612846065423088
margin_apfd,0.612846065423088
