Approach,apfd
random_apfd,0.4944559555896946
deepGini_apfd,0.5856096196836699
leastConfidence_apfd,0.5856951538290551
margin_apfd,0.5856951538290551
