Approach,apfd
random_apfd,0.5017812737956057
deepGini_apfd,0.40659754285402855
leastConfidence_apfd,0.4064547191852969
margin_apfd,0.4064547191852969
