Approach,apfd
random_apfd,0.5056468460205302
deepGini_apfd,0.5500424826606622
leastConfidence_apfd,0.5497132168081961
margin_apfd,0.5497132168081961
