Approach,apfd
random_apfd,0.4992192326624968
deepGini_apfd,0.4648806558165768
leastConfidence_apfd,0.46471265567562514
margin_apfd,0.46471265567562514
