Approach,apfd
random_apfd,0.5019775807364045
deepGini_apfd,0.6628457891629979
leastConfidence_apfd,0.663052918316649
margin_apfd,0.663052918316649
