Approach,mutation_feature_apfd,mutation_model_apfd,fusion_2_feature_apfd,fusion_3_feature_apfd
lr,0.53616368224403,0.546809463403572,0.5468359950371072,0.5670721903561574
rf,0.53616368224403,0.546809463403572,0.5469820035171996,0.5781120592189114
xgb,0.53616368224403,0.546809463403572,0.5469820035171996,0.578025497515828
lgb,0.53616368224403,0.546809463403572,0.5469820035171996,0.5778270799285222
