Approach,apfd
random_apfd,0.4976577474457352
deepGini_apfd,0.6630959218464815
leastConfidence_apfd,0.663076723055053
margin_apfd,0.663076723055053
