Approach,apfd
random_apfd,0.5019687874022476
deepGini_apfd,0.4934077782946029
leastConfidence_apfd,0.49283292434060877
margin_apfd,0.49283292434060877
