Approach,apfd
random_apfd,0.5016994029718679
deepGini_apfd,0.6655864420131065
leastConfidence_apfd,0.6656290149011826
margin_apfd,0.6656290149011826
