Approach,apfd
random_apfd,0.49041433649145366
deepGini_apfd,0.5858040393410406
leastConfidence_apfd,0.5859975298120899
margin_apfd,0.5859975298120899
