Approach,apfd
random_apfd,0.5020227393707772
deepGini_apfd,0.6623755226461021
leastConfidence_apfd,0.662704683910007
margin_apfd,0.662704683910007
