Approach,apfd
random_apfd,0.4961116231793734
deepGini_apfd,0.5856096196836699
leastConfidence_apfd,0.5856951538290551
margin_apfd,0.5856951538290551
