Approach,mutation_feature_apfd,mutation_model_apfd,fusion_2_feature_apfd,fusion_3_feature_apfd
lr,0.583966020346743,0.6246930053906481,0.6392746284494832,0.7216093432171662
rf,0.5842477810191908,0.6247147219396889,0.6391701117815467,0.7892506178011661
xgb,0.5842477810191908,0.6246782658605545,0.6388260199928095,0.8185986394073766
lgb,0.5842562135089779,0.6246687013378919,0.638859565130264,0.8210475037496856
