Approach,apfd
random_apfd,0.5094689054726368
deepGini_apfd,0.8983079455662862
leastConfidence_apfd,0.8984200614574188
margin_apfd,0.8986028826455955
