Approach,apfd
random_apfd,0.4993382818709408
deepGini_apfd,0.48205748266203813
leastConfidence_apfd,0.481681313487577
margin_apfd,0.481681313487577
