Approach,mutation_feature_apfd,mutation_model_apfd,fusion_2_feature_apfd,fusion_3_feature_apfd
lr,0.5005472499216337,0.5194297109799729,0.5194297109799729,0.5416296778806312
rf,0.5005472499216337,0.5194297109799729,0.5194297109799729,0.5485395068361146
xgb,0.5005472499216337,0.5194297109799729,0.5194297109799729,0.5484575482600224
lgb,0.5005472499216337,0.5194297109799729,0.5194297109799729,0.5484695732671455
