Approach,apfd
random_apfd,0.4985759524805076
deepGini_apfd,0.668969058218757
leastConfidence_apfd,0.6694521853555354
margin_apfd,0.6694521853555354
