Approach,mutation_feature_apfd,mutation_model_apfd,fusion_2_feature_apfd,fusion_3_feature_apfd
lr,0.4989786674474128,0.6191559432474583,0.6191559432474583,0.7246586118448721
rf,0.4989786674474128,0.6191559432474583,0.6191559432474583,0.7463812657574886
xgb,0.4989786674474128,0.6191559432474583,0.6191559432474583,0.7818355523184922
lgb,0.4989786674474128,0.6191559432474583,0.6191559432474583,0.7850619725004381
