Approach,apfd
random_apfd,0.5027183969446646
deepGini_apfd,0.5330304279651544
leastConfidence_apfd,0.5328650961167979
margin_apfd,0.5328650961167979
