Approach,mutation_feature_apfd,mutation_model_apfd,fusion_2_feature_apfd,fusion_3_feature_apfd
lr,0.6406628042818429,0.6521460124827348,0.6521460124827348,0.6691648020466686
rf,0.6406628042818429,0.6521119783544129,0.6521119783544129,0.6853115300162351
xgb,0.6406628042818429,0.6521244042176254,0.6521119783544129,0.6849600143423195
lgb,0.6406628042818429,0.6521244042176254,0.6521119783544129,0.6852503559661768
