Approach,apfd
random_apfd,0.4989486060167097
deepGini_apfd,0.4873376278338732
leastConfidence_apfd,0.487138281032164
margin_apfd,0.487138281032164
