Approach,mutation_feature_apfd,mutation_model_apfd,fusion_2_feature_apfd,fusion_3_feature_apfd
lr,0.5207515281032157,0.5371339984597939,0.5370792744396814,0.5592123787823501
rf,0.5207515281032157,0.5371339984597939,0.5370792744396814,0.5680880240981894
xgb,0.5207515281032157,0.5371339984597939,0.5370792744396814,0.5674463711000872
lgb,0.5207515281032157,0.5371339984597939,0.5370792744396814,0.5675946708486681
