Approach,apfd
random_apfd,0.4932281956366677
deepGini_apfd,0.6628457891629979
leastConfidence_apfd,0.663052918316649
margin_apfd,0.663052918316649
