Approach,apfd
random_apfd,0.5001892079005958
deepGini_apfd,0.6682288802765877
leastConfidence_apfd,0.6688729003474931
margin_apfd,0.6688729003474931
