Approach,mutation_feature_apfd,mutation_model_apfd,fusion_2_feature_apfd,fusion_3_feature_apfd
lr,0.5841331431079895,0.6242110769681007,0.6781317968978636,0.7488659496634474
rf,0.5816518437225636,0.6580244512730465,0.71123808896693,0.9574525168276266
xgb,0.5873005121451566,0.6600387328065555,0.7191864062042728,0.93256191103307
lgb,0.5880334064969271,0.6674617939713199,0.7206757535850161,0.9330686128182616
