Approach,apfd
random_apfd,0.49798452587957454
deepGini_apfd,0.6282890885283902
leastConfidence_apfd,0.6277063390549381
margin_apfd,0.6277063390549381
