Approach,apfd
random_apfd,0.5033368838040041
deepGini_apfd,0.49339384216390214
leastConfidence_apfd,0.49438355282169055
margin_apfd,0.49438355282169055
