Approach,mutation_feature_apfd,mutation_model_apfd,fusion_2_feature_apfd,fusion_3_feature_apfd
lr,0.6451348066650898,0.6138197663089208,0.6529134453850205,0.6562584792254527
rf,0.6574165815612824,0.6277495763188962,0.6697115903117771,0.7987438122254841
xgb,0.656957351984531,0.6272243093147613,0.670109660693864,0.7987434002125855
lgb,0.6567005031435595,0.6273867412798954,0.669293644427463,0.7968727792504767
