Approach,apfd
random_apfd,0.5026524204243521
deepGini_apfd,0.5422463840207411
leastConfidence_apfd,0.5421638403260911
margin_apfd,0.5421638403260911
