Approach,apfd
random_apfd,0.5005194446403322
deepGini_apfd,0.5052224860703541
leastConfidence_apfd,0.505394117570329
margin_apfd,0.505394117570329
