Approach,apfd
random_apfd,0.5078967155664221
deepGini_apfd,0.8646913202933986
leastConfidence_apfd,0.8648523960880196
margin_apfd,0.8640662347188264
