Approach,mutation_feature_apfd,mutation_model_apfd,fusion_2_feature_apfd,fusion_3_feature_apfd
lr,0.5268211979264218,0.5252037301592789,0.5268273181095531,0.707388482639961
rf,0.5268211979264218,0.5252037301592789,0.5268273181095531,0.7816813427226534
xgb,0.5268211979264218,0.5252037301592789,0.5268273181095531,0.820190759021676
lgb,0.5265702704180368,0.5258428490728051,0.5267999168685862,0.8206232304886307
