Approach,mutation_feature_apfd,mutation_model_apfd,fusion_2_feature_apfd,fusion_3_feature_apfd
lr,0.6001916462917686,0.7195444580277098,0.7367473594132029,0.8174200570497148
rf,0.6080086634066829,0.7603574164629177,0.7863410839445802,0.9535546617766911
xgb,0.6074784107579462,0.7633129991850041,0.7871529176854116,0.9403528361858191
lgb,0.6053066259168703,0.7653542053789731,0.7890428443357783,0.9399738304808476
