Approach,apfd
random_apfd,0.5155462308598351
deepGini_apfd,0.9010828327444051
leastConfidence_apfd,0.9013312720848057
margin_apfd,0.9023974676089517
