Approach,apfd
random_apfd,0.4955939462227681
deepGini_apfd,0.5808914590152386
leastConfidence_apfd,0.5808404449504191
margin_apfd,0.5808404449504191
