Approach,apfd
random_apfd,0.48716508709772655
deepGini_apfd,0.897696383229997
leastConfidence_apfd,0.8988249040448775
margin_apfd,0.9009108798346619
