Approach,apfd
random_apfd,0.5020819669324533
deepGini_apfd,0.5017134921802806
leastConfidence_apfd,0.5013145625689656
margin_apfd,0.5013145625689656
