Approach,apfd
random_apfd,0.4959879997395029
deepGini_apfd,0.6542381732555173
leastConfidence_apfd,0.6541983627046731
margin_apfd,0.6541983627046731
