Approach,apfd
random_apfd,0.4992386325017951
deepGini_apfd,0.6134457523266714
leastConfidence_apfd,0.6138179775361303
margin_apfd,0.6138179775361303
