Approach,apfd
random_apfd,0.5028601808554224
deepGini_apfd,0.4993149906604627
leastConfidence_apfd,0.49905391412937883
margin_apfd,0.49905391412937883
