Approach,apfd
random_apfd,0.49903288063877704
deepGini_apfd,0.620474005323142
leastConfidence_apfd,0.6214272353784207
margin_apfd,0.6214272353784207
