Approach,apfd
random_apfd,0.4979146797615063
deepGini_apfd,0.5487491300466901
leastConfidence_apfd,0.5488724289704813
margin_apfd,0.5488724289704813
