Approach,apfd
random_apfd,0.4968090321079648
deepGini_apfd,0.5585217427690251
leastConfidence_apfd,0.5585653289396558
margin_apfd,0.5585653289396558
