Approach,apfd
random_apfd,0.5081290187588446
deepGini_apfd,0.675693541733329
leastConfidence_apfd,0.6758665501512833
margin_apfd,0.6758665501512833
