Approach,apfd
random_apfd,0.500382987012987
deepGini_apfd,0.8708364935064935
leastConfidence_apfd,0.8709119047619047
margin_apfd,0.8710003607503608
