Approach,apfd
random_apfd,0.5002978115832525
deepGini_apfd,0.48905996282442166
leastConfidence_apfd,0.4893642969039109
margin_apfd,0.4893642969039109
