Approach,apfd
random_apfd,0.5002167523427701
deepGini_apfd,0.6062742270703693
leastConfidence_apfd,0.6086935829008535
margin_apfd,0.6086935829008535
