Approach,apfd
random_apfd,0.5019432383930474
deepGini_apfd,0.622282814987801
leastConfidence_apfd,0.6218684447499341
margin_apfd,0.6218684447499341
