Approach,apfd
random_apfd,0.5011934287752594
deepGini_apfd,0.6658768683456912
leastConfidence_apfd,0.666034989890027
margin_apfd,0.666034989890027
