Approach,apfd
random_apfd,0.4979889031882131
deepGini_apfd,0.6319349446572937
leastConfidence_apfd,0.6319686171949264
margin_apfd,0.6319686171949264
