Approach,mutation_feature_apfd,mutation_model_apfd,fusion_2_feature_apfd,fusion_3_feature_apfd
lr,0.4999447358745893,0.5793781310851221,0.5793781310851221,0.6084548020188977
rf,0.4999447358745893,0.5793781310851221,0.5793781310851221,0.6364861762941828
xgb,0.4999447358745893,0.5793781310851221,0.5793781310851221,0.6365164219310501
lgb,0.4999447358745893,0.5793781310851221,0.5793781310851221,0.6365132829819293
