Approach,apfd
random_apfd,0.5030849104017933
deepGini_apfd,0.4750736298103807
leastConfidence_apfd,0.47456734606814543
margin_apfd,0.47456734606814543
