Approach,apfd
random_apfd,0.5038405892698532
deepGini_apfd,0.36937032985003015
leastConfidence_apfd,0.36906572333199095
margin_apfd,0.36906572333199095
