Approach,apfd
random_apfd,0.5085024226503211
deepGini_apfd,0.9037895504962055
leastConfidence_apfd,0.9041894921190893
margin_apfd,0.9055784588441331
