Approach,apfd
random_apfd,0.48658717948717944
deepGini_apfd,0.8964778998778998
leastConfidence_apfd,0.8968137973137973
margin_apfd,0.8991234126984127
