Approach,mutation_feature_apfd,mutation_model_apfd,fusion_2_feature_apfd,fusion_3_feature_apfd
lr,0.5794073827235856,0.6264892254541174,0.6407433419851337,0.6563659612226932
rf,0.5809316471537925,0.6327269084891721,0.6448308478245514,0.7984110508899427
xgb,0.5809294401038855,0.6327278308383869,0.644849130103632,0.7983531570061869
lgb,0.5809230001299029,0.6328339174686205,0.6448443701228624,0.7917662165586028
