Approach,apfd
random_apfd,0.5046244278594691
deepGini_apfd,0.6242817710746419
leastConfidence_apfd,0.6241448660994435
margin_apfd,0.6241448660994435
