Approach,apfd
random_apfd,0.49646886721801997
deepGini_apfd,0.6273693807152154
leastConfidence_apfd,0.627502432255626
margin_apfd,0.627502432255626
