Approach,apfd
random_apfd,0.49953590685932103
deepGini_apfd,0.5879825051627966
leastConfidence_apfd,0.5881087876257572
margin_apfd,0.5881087876257572
