Approach,apfd
random_apfd,0.49932611079590694
deepGini_apfd,0.6341821795737194
leastConfidence_apfd,0.6341331983312365
margin_apfd,0.6341331983312365
