Approach,apfd
random_apfd,0.4978186949804957
deepGini_apfd,0.4963786534875583
leastConfidence_apfd,0.4959603302751113
margin_apfd,0.4959603302751113
