Approach,mutation_feature_apfd,mutation_model_apfd,fusion_2_feature_apfd,fusion_3_feature_apfd
lr,0.6539612917222731,0.6637487909507013,0.6641412587674128,0.6763794602554595
rf,0.6539042562184131,0.6636785893142695,0.6636350164090149,0.6938373871642675
xgb,0.6539165177494976,0.6636939751412471,0.66397371744993,0.693561932210533
lgb,0.6539165177494976,0.6636939751412471,0.663915306039606,0.6939386797257675
