Approach,mutation_feature_apfd,mutation_model_apfd,fusion_2_feature_apfd,fusion_3_feature_apfd
lr,0.6970732982718786,0.7028368122586763,0.7053851571093981,0.7606460769602954
rf,0.6979211979788554,0.702766135943057,0.707658089413012,0.7993824240517714
xgb,0.6979288508283175,0.7030229475642961,0.7075717832777857,0.8153517960877553
lgb,0.6979332264575392,0.7029774086083211,0.7079290002839658,0.8171471545715332
