Approach,apfd
random_apfd,0.49816682940614776
deepGini_apfd,0.616041035630242
leastConfidence_apfd,0.6166867294460301
margin_apfd,0.6166867294460301
