Approach,apfd
random_apfd,0.5018382099094668
deepGini_apfd,0.7021521843558319
leastConfidence_apfd,0.7021159796615736
margin_apfd,0.7021159796615736
