Approach,apfd
random_apfd,0.5243293735224587
deepGini_apfd,0.9016835401891253
leastConfidence_apfd,0.9020288711583925
margin_apfd,0.904070596926714
