Approach,apfd
random_apfd,0.5068180756081364
deepGini_apfd,0.6713716580170697
leastConfidence_apfd,0.672824913299063
margin_apfd,0.672824913299063
