Approach,apfd
random_apfd,0.4976289723746971
deepGini_apfd,0.40659754285402855
leastConfidence_apfd,0.4064547191852969
margin_apfd,0.4064547191852969
