Approach,apfd
random_apfd,0.4981526141047504
deepGini_apfd,0.5775983764667698
leastConfidence_apfd,0.5778025338022219
margin_apfd,0.5778025338022219
