Approach,apfd
random_apfd,0.5006506523563193
deepGini_apfd,0.6009247084527436
leastConfidence_apfd,0.6010300313471989
margin_apfd,0.6010300313471989
