Approach,apfd
random_apfd,0.49312138577248066
deepGini_apfd,0.6177582598333693
leastConfidence_apfd,0.61804179024757
margin_apfd,0.61804179024757
