Approach,apfd
random_apfd,0.4998883572428138
deepGini_apfd,0.5159126079074263
leastConfidence_apfd,0.5156466981578425
margin_apfd,0.5156466981578425
