Approach,mutation_feature_apfd,mutation_model_apfd,fusion_2_feature_apfd,fusion_3_feature_apfd
lr,0.6648534278959811,0.6259111111111111,0.7207350177304964,0.7793526004728132
rf,0.667153073286052,0.6467399527186761,0.7503293439716312,0.9550666371158393
xgb,0.6684042553191489,0.6516847517730496,0.7464906914893618,0.9326792257683215
lgb,0.6706900413711584,0.6553155141843972,0.7553243794326241,0.9326081264775413
