Approach,apfd
random_apfd,0.5020824628484494
deepGini_apfd,0.40530568683605156
leastConfidence_apfd,0.4050036741261768
margin_apfd,0.4050036741261768
