Approach,apfd
random_apfd,0.5020196637776109
deepGini_apfd,0.6595359494074023
leastConfidence_apfd,0.6596717304761255
margin_apfd,0.6596717304761255
