Approach,mutation_feature_apfd,mutation_model_apfd,fusion_2_feature_apfd,fusion_3_feature_apfd
lr,0.5279354099812262,0.5384884872689878,0.5385113067161899,0.5594107960084308
rf,0.5279354099812262,0.5384884872689878,0.5384845365188998,0.568249951535333
xgb,0.5279354099812262,0.5384884872689878,0.5385081557130832,0.5677254987915291
lgb,0.5279354099812262,0.5384678591285147,0.5385081557130832,0.5678048496870217
