Approach,apfd
random_apfd,0.49532128538751014
deepGini_apfd,0.6766263497060777
leastConfidence_apfd,0.6779778082495019
margin_apfd,0.6779778082495019
