Approach,apfd
random_apfd,0.5006365863390824
deepGini_apfd,0.5287747576773717
leastConfidence_apfd,0.5287646671570813
margin_apfd,0.5287646671570813
