Approach,mutation_feature_apfd,mutation_model_apfd,fusion_2_feature_apfd,fusion_3_feature_apfd
lr,0.7128922824302134,0.637597290640394,0.7512439244663383,0.7812616584564861
rf,0.715846004378763,0.6714724411603722,0.7744055829228244,0.9584308976464149
xgb,0.7189999178981937,0.6787245758073345,0.778111767925561,0.9400909688013136
lgb,0.7192498631636562,0.6858790640394089,0.7811575259989053,0.9361690202517788
