Approach,apfd
random_apfd,0.4980626512542662
deepGini_apfd,0.690780349623563
leastConfidence_apfd,0.6911411476225745
margin_apfd,0.6911411476225745
