Approach,mutation_feature_apfd,mutation_model_apfd,fusion_2_feature_apfd,fusion_3_feature_apfd
lr,0.5005472499216337,0.5147469999645365,0.5147469999645365,0.5379662339838115
rf,0.5005472499216337,0.5148864034263526,0.5146898506086489,0.5503602763468926
xgb,0.5005472499216337,0.5146898506086489,0.5146898506086489,0.5506819503827826
lgb,0.5005472499216337,0.5146898506086489,0.5146898506086489,0.5507284759505973
