Approach,apfd
random_apfd,0.5035688373611428
deepGini_apfd,0.6008868679337805
leastConfidence_apfd,0.600369811450347
margin_apfd,0.600369811450347
