Approach,apfd
random_apfd,0.49332073895303263
deepGini_apfd,0.6036425677645905
leastConfidence_apfd,0.6040774771532977
margin_apfd,0.6040774771532977
