Approach,apfd
random_apfd,0.49513482277389087
deepGini_apfd,0.6149362690258814
leastConfidence_apfd,0.6152840914309107
margin_apfd,0.6152840914309107
