Approach,apfd
random_apfd,0.4941518062807311
deepGini_apfd,0.5063502011698319
leastConfidence_apfd,0.5065980834385296
margin_apfd,0.5065980834385296
