Approach,apfd
random_apfd,0.5023533268502477
deepGini_apfd,0.517564117830495
leastConfidence_apfd,0.5177525276691012
margin_apfd,0.5177525276691012
