Approach,apfd
random_apfd,0.49810908247354335
deepGini_apfd,0.6040212298846044
leastConfidence_apfd,0.6037894350177229
margin_apfd,0.6037894350177229
