Approach,apfd
random_apfd,0.5001033449083293
deepGini_apfd,0.524479575304763
leastConfidence_apfd,0.5238781515772114
margin_apfd,0.5238781515772114
