Approach,apfd
random_apfd,0.49908162029495196
deepGini_apfd,0.5213631174878981
leastConfidence_apfd,0.5207061994118094
margin_apfd,0.5207061994118094
