Approach,apfd
random_apfd,0.499187888323753
deepGini_apfd,0.4975443906677058
leastConfidence_apfd,0.49714469699478786
margin_apfd,0.49714469699478786
