Approach,apfd
random_apfd,0.49445786968134575
deepGini_apfd,0.6494473306125311
leastConfidence_apfd,0.6494790286110536
margin_apfd,0.6494790286110536
