Approach,apfd
random_apfd,0.4961200222291643
deepGini_apfd,0.562981150826421
leastConfidence_apfd,0.5629072410574488
margin_apfd,0.5629072410574488
