Approach,apfd
random_apfd,0.5009589145878839
deepGini_apfd,0.5499697061672162
leastConfidence_apfd,0.5495656667089138
margin_apfd,0.5495656667089138
