Approach,apfd
random_apfd,0.5008805193900875
deepGini_apfd,0.47867584693140225
leastConfidence_apfd,0.47863777132597246
margin_apfd,0.47863777132597246
