Approach,apfd
random_apfd,0.49539575271313985
deepGini_apfd,0.5352453291079674
leastConfidence_apfd,0.5359264684151651
margin_apfd,0.5359264684151651
