Approach,apfd
random_apfd,0.5009961137453159
deepGini_apfd,0.47900203280175574
leastConfidence_apfd,0.47823350944770376
margin_apfd,0.47823350944770376
