Approach,mutation_feature_apfd,mutation_model_apfd,fusion_2_feature_apfd,fusion_3_feature_apfd
lr,0.5760657246274121,0.6197709264478504,0.6265749291867231,0.7088106950400003
rf,0.5760061427338206,0.6191534371683172,0.626444953330443,0.7866449784569522
xgb,0.5760061427338206,0.6191540378388226,0.6264798384251786,0.8191903691633136
lgb,0.576027073790662,0.6198792319605132,0.626553420562088,0.8200437371297681
