Approach,apfd
random_apfd,0.5042421527988096
deepGini_apfd,0.7126959049433449
leastConfidence_apfd,0.7125505966834301
margin_apfd,0.7125505966834301
