Approach,apfd
random_apfd,0.5015160058538505
deepGini_apfd,0.6044710627936148
leastConfidence_apfd,0.6074631982192489
margin_apfd,0.6074631982192489
