Approach,apfd
random_apfd,0.5046168830502349
deepGini_apfd,0.6911584919528937
leastConfidence_apfd,0.6908098641448157
margin_apfd,0.6908098641448157
