Approach,apfd
random_apfd,0.4994341514894357
deepGini_apfd,0.3900343103908641
leastConfidence_apfd,0.38956685724559026
margin_apfd,0.38956685724559026
