Approach,apfd
random_apfd,0.5000693140869693
deepGini_apfd,0.5221211796471431
leastConfidence_apfd,0.5224206893319526
margin_apfd,0.5224206893319526
