Approach,apfd
random_apfd,0.49920982160797217
deepGini_apfd,0.49651188514742023
leastConfidence_apfd,0.4964759127296227
margin_apfd,0.4964759127296227
