Approach,apfd
random_apfd,0.4982933863161423
deepGini_apfd,0.5237924938939619
leastConfidence_apfd,0.5247224387687281
margin_apfd,0.5247224387687281
