Approach,apfd
random_apfd,0.4944658911534615
deepGini_apfd,0.6110557215624519
leastConfidence_apfd,0.6108378836096651
margin_apfd,0.6108378836096651
