Approach,apfd
random_apfd,0.5041724349386778
deepGini_apfd,0.7801681972280387
leastConfidence_apfd,0.7938870625186958
margin_apfd,0.8045401385980656
