Approach,apfd
random_apfd,0.5007734944544434
deepGini_apfd,0.47843105348979925
leastConfidence_apfd,0.47838436599697126
margin_apfd,0.47838436599697126
