Approach,apfd
random_apfd,0.5081642646625405
deepGini_apfd,0.8965265694076039
leastConfidence_apfd,0.8976986295313881
margin_apfd,0.8998777630415561
