Approach,apfd
random_apfd,0.5000665240241217
deepGini_apfd,0.5698814769085224
leastConfidence_apfd,0.5697354346098672
margin_apfd,0.5697354346098672
