Approach,apfd
random_apfd,0.4977880733944954
deepGini_apfd,0.8566193934760449
leastConfidence_apfd,0.8561991335372069
margin_apfd,0.849433868501529
