Approach,apfd
random_apfd,0.49946998623124234
deepGini_apfd,0.8467925845838439
leastConfidence_apfd,0.8471944260793615
margin_apfd,0.8471944260793615
