Approach,apfd
random_apfd,0.4978364587825913
deepGini_apfd,0.5959836494616583
leastConfidence_apfd,0.5959836494616583
margin_apfd,0.5959836494616583
