Approach,apfd
random_apfd,0.5051314670692453
deepGini_apfd,0.7320212872103213
leastConfidence_apfd,0.7367303287435905
margin_apfd,0.7367303287435905
