Approach,apfd
random_apfd,0.49935658174097663
deepGini_apfd,0.819706263269639
leastConfidence_apfd,0.8259785208775655
margin_apfd,0.8259785208775655
