Approach,apfd
random_apfd,0.4964912063013045
deepGini_apfd,0.7875405105083237
leastConfidence_apfd,0.7873903052986193
margin_apfd,0.7873903052986193
