Approach,apfd
random_apfd,0.505939928970066
deepGini_apfd,0.8573102486047691
leastConfidence_apfd,0.8568440385591071
margin_apfd,0.8500693049213597
