Approach,apfd
random_apfd,0.49800351299257184
deepGini_apfd,0.5958153733586213
leastConfidence_apfd,0.5955766845759201
margin_apfd,0.5955766845759201
