Approach,apfd
random_apfd,0.48341758550280756
deepGini_apfd,0.8566742215416029
leastConfidence_apfd,0.856243415007657
margin_apfd,0.849510336906585
