Approach,apfd
random_apfd,0.5087394459743065
deepGini_apfd,0.5872803898317421
leastConfidence_apfd,0.585145929118193
margin_apfd,0.585145929118193
