Approach,apfd
random_apfd,0.5026448978558751
deepGini_apfd,0.5322894541741385
leastConfidence_apfd,0.532186833728947
margin_apfd,0.532186833728947
