Approach,apfd
random_apfd,0.4986964078457532
deepGini_apfd,0.6011264995841998
leastConfidence_apfd,0.6006623104510898
margin_apfd,0.6006623104510898
