Approach,apfd
random_apfd,0.5010857277448074
deepGini_apfd,0.6548629486706273
leastConfidence_apfd,0.6549487818393439
margin_apfd,0.6549487818393439
