Approach,apfd
random_apfd,0.49824740243591764
deepGini_apfd,0.5045831538946782
leastConfidence_apfd,0.5059677253041864
margin_apfd,0.5059677253041864
