Approach,apfd
random_apfd,0.4937174393326168
deepGini_apfd,0.5737371087615307
leastConfidence_apfd,0.5738059404730588
margin_apfd,0.5738059404730588
