Approach,apfd
random_apfd,0.5005821728793699
deepGini_apfd,0.5428671096151946
leastConfidence_apfd,0.5430967390616338
margin_apfd,0.5430967390616338
