Approach,apfd
random_apfd,0.499600205621535
deepGini_apfd,0.587184743973894
leastConfidence_apfd,0.5853429451797217
margin_apfd,0.5853429451797217
