Approach,apfd
random_apfd,0.5066042962621002
deepGini_apfd,0.6885905824283829
leastConfidence_apfd,0.6886781407465706
margin_apfd,0.6886781407465706
