Approach,apfd
random_apfd,0.49831094550017785
deepGini_apfd,0.6532314434789414
leastConfidence_apfd,0.6534035903918225
margin_apfd,0.6534035903918225
