Approach,apfd
random_apfd,0.49707884538844505
deepGini_apfd,0.5686976482587299
leastConfidence_apfd,0.5686446963283848
margin_apfd,0.5686446963283848
