Approach,apfd
random_apfd,0.5017268793273987
deepGini_apfd,0.8557707962413452
leastConfidence_apfd,0.8554701038575668
margin_apfd,0.8486285855588526
