Approach,apfd
random_apfd,0.49023883561643833
deepGini_apfd,0.8266675114155251
leastConfidence_apfd,0.8273122602739725
margin_apfd,0.8221938584474886
