Approach,apfd
random_apfd,0.5002914060606061
deepGini_apfd,0.8476806424242425
leastConfidence_apfd,0.8475549696969696
margin_apfd,0.8410899030303031
