Approach,apfd
random_apfd,0.4982893920186787
deepGini_apfd,0.5546966656554919
leastConfidence_apfd,0.5544352761153112
margin_apfd,0.5544352761153112
