Approach,apfd
random_apfd,0.5076208737864077
deepGini_apfd,0.8516206248444113
leastConfidence_apfd,0.8512617002738362
margin_apfd,0.8451469380134429
