Approach,apfd
random_apfd,0.5025730222656545
deepGini_apfd,0.6588390910066201
leastConfidence_apfd,0.6581914275443229
margin_apfd,0.6581914275443229
