Approach,apfd
random_apfd,0.4992159615769304
deepGini_apfd,0.5233122084791627
leastConfidence_apfd,0.5230674788829915
margin_apfd,0.5230674788829915
