Approach,apfd
random_apfd,0.5014508245877062
deepGini_apfd,0.8431669665167416
leastConfidence_apfd,0.8426349075462268
margin_apfd,0.8354235132433783
