Approach,apfd
random_apfd,0.5049744029542595
deepGini_apfd,0.538688561961955
leastConfidence_apfd,0.5387536210707574
margin_apfd,0.5387536210707574
