Approach,apfd
random_apfd,0.49472818960497644
deepGini_apfd,0.6570048063238968
leastConfidence_apfd,0.6567360967711856
margin_apfd,0.6567360967711856
