Approach,apfd
random_apfd,0.4977512011463987
deepGini_apfd,0.6894671555180918
leastConfidence_apfd,0.6894948729373718
margin_apfd,0.6894948729373718
