Approach,apfd
random_apfd,0.5019410733877293
deepGini_apfd,0.6703805291107825
leastConfidence_apfd,0.670230781288832
margin_apfd,0.670230781288832
