Approach,apfd
random_apfd,0.4997681674678709
deepGini_apfd,0.6427529197040338
leastConfidence_apfd,0.6425598488569904
margin_apfd,0.6425598488569904
