Approach,apfd
random_apfd,0.5026924138391179
deepGini_apfd,0.5872152232722333
leastConfidence_apfd,0.5860181147113414
margin_apfd,0.5860181147113414
