Approach,apfd
random_apfd,0.4961610944152266
deepGini_apfd,0.8532529551715502
leastConfidence_apfd,0.852908552466817
margin_apfd,0.8466701853243176
