Approach,apfd
random_apfd,0.4947631546522524
deepGini_apfd,0.6897118956719444
leastConfidence_apfd,0.6896618568015636
margin_apfd,0.6896618568015636
