Approach,apfd
random_apfd,0.4965143283029854
deepGini_apfd,0.5869485673213398
leastConfidence_apfd,0.5857163544939527
margin_apfd,0.5857163544939527
