Approach,apfd
random_apfd,0.5028060345097745
deepGini_apfd,0.5999357195447609
leastConfidence_apfd,0.600005401254197
margin_apfd,0.600005401254197
