Approach,apfd
random_apfd,0.49894819381417077
deepGini_apfd,0.6888330516172105
leastConfidence_apfd,0.6887865453590908
margin_apfd,0.6887865453590908
