Approach,apfd
random_apfd,0.505770214226023
deepGini_apfd,0.5715956749444281
leastConfidence_apfd,0.5718481800348602
margin_apfd,0.5718481800348602
