Approach,apfd
random_apfd,0.5109398650369238
deepGini_apfd,0.8566805831423479
leastConfidence_apfd,0.8562158772599949
margin_apfd,0.8493050802139037
