Approach,apfd
random_apfd,0.4995298325999863
deepGini_apfd,0.7016451181200727
leastConfidence_apfd,0.7018299397351876
margin_apfd,0.7018299397351876
