Approach,apfd
random_apfd,0.49674164478967486
deepGini_apfd,0.5992696826058348
leastConfidence_apfd,0.5993938071079322
margin_apfd,0.5993938071079322
