Approach,apfd
random_apfd,0.5172997702909649
deepGini_apfd,0.8564634507401735
leastConfidence_apfd,0.85603797856049
margin_apfd,0.8493399438489025
