Approach,apfd
random_apfd,0.498491069905583
deepGini_apfd,0.6885149806440022
leastConfidence_apfd,0.6887509669070317
margin_apfd,0.6887509669070317
