Approach,apfd
random_apfd,0.4865212878787879
deepGini_apfd,0.8551372474747475
leastConfidence_apfd,0.8548583080808081
margin_apfd,0.8481767171717172
