Approach,apfd
random_apfd,0.5020322991822992
deepGini_apfd,0.8457065175565176
leastConfidence_apfd,0.8451076479076479
margin_apfd,0.8380088023088023
