Approach,apfd
random_apfd,0.5016253364140486
deepGini_apfd,0.5606824726263056
leastConfidence_apfd,0.5605843841961431
margin_apfd,0.5605843841961431
