Approach,apfd
random_apfd,0.4995709015200223
deepGini_apfd,0.5872629135176447
leastConfidence_apfd,0.5875454914900586
margin_apfd,0.5875454914900586
