Approach,apfd
random_apfd,0.49820888105754135
deepGini_apfd,0.5683371574612252
leastConfidence_apfd,0.5680369058478242
margin_apfd,0.5680369058478242
