Approach,apfd
random_apfd,0.5043819806023481
deepGini_apfd,0.8565307810107198
leastConfidence_apfd,0.8561030883103624
margin_apfd,0.8493444104134763
