Approach,apfd
random_apfd,0.49629270433611006
deepGini_apfd,0.599361454212682
leastConfidence_apfd,0.5996462513998385
margin_apfd,0.5996462513998385
