Approach,apfd
random_apfd,0.4941163954590948
deepGini_apfd,0.6522153516148734
leastConfidence_apfd,0.6525490670138099
margin_apfd,0.6525490670138099
