Approach,apfd
random_apfd,0.49929021667490814
deepGini_apfd,0.6427858195819607
leastConfidence_apfd,0.642203928466698
margin_apfd,0.642203928466698
