Approach,apfd
random_apfd,0.4984236785332159
deepGini_apfd,0.7036924998449144
leastConfidence_apfd,0.7040967704392869
margin_apfd,0.7040967704392869
