Approach,apfd
random_apfd,0.5012467758314293
deepGini_apfd,0.8536157019548108
leastConfidence_apfd,0.8532844249809596
margin_apfd,0.8468642421934501
