Approach,apfd
random_apfd,0.5193360707364342
deepGini_apfd,0.8500952277131782
leastConfidence_apfd,0.8499208575581395
margin_apfd,0.8434788032945736
