Approach,apfd
random_apfd,0.5022187022900763
deepGini_apfd,0.8566833842239185
leastConfidence_apfd,0.856251272264631
margin_apfd,0.8494313231552163
