Approach,apfd
random_apfd,0.4948690931583647
deepGini_apfd,0.533665729738825
leastConfidence_apfd,0.5335474870061135
margin_apfd,0.5335474870061135
