Approach,apfd
random_apfd,0.49695768326474243
deepGini_apfd,0.6666803118667743
leastConfidence_apfd,0.6670897455098364
margin_apfd,0.6670897455098364
