Approach,apfd
random_apfd,0.49465096509802375
deepGini_apfd,0.6883645340635824
leastConfidence_apfd,0.6886117975119075
margin_apfd,0.6886117975119075
