Approach,apfd
random_apfd,0.4982614889285214
deepGini_apfd,0.65285850055594
leastConfidence_apfd,0.6527966022015395
margin_apfd,0.6527966022015395
