Approach,apfd
random_apfd,0.49884296185993476
deepGini_apfd,0.5113421657588587
leastConfidence_apfd,0.5094251164582145
margin_apfd,0.5094251164582145
