Approach,apfd
random_apfd,0.5017774958482523
deepGini_apfd,0.5621606961547628
leastConfidence_apfd,0.5620009888454802
margin_apfd,0.5620009888454802
