Approach,apfd
random_apfd,0.5016797573435504
deepGini_apfd,0.8527966922094509
leastConfidence_apfd,0.8523184802043423
margin_apfd,0.8452858365261814
