Approach,apfd
random_apfd,0.4986294046725358
deepGini_apfd,0.688894872331781
leastConfidence_apfd,0.6886118169218649
margin_apfd,0.6886118169218649
