Approach,apfd
random_apfd,0.48483355421979063
deepGini_apfd,0.5051263222859778
leastConfidence_apfd,0.5039832727791055
margin_apfd,0.5039832727791055
