Approach,apfd
random_apfd,0.510939436970603
deepGini_apfd,0.8534824613851519
leastConfidence_apfd,0.8531619581464873
margin_apfd,0.8457969108121575
