Approach,apfd
random_apfd,0.5009989686422383
deepGini_apfd,0.6587649506642493
leastConfidence_apfd,0.658447952927813
margin_apfd,0.658447952927813
