Approach,apfd
random_apfd,0.49770387683869355
deepGini_apfd,0.8411209798055348
leastConfidence_apfd,0.8407276115681875
margin_apfd,0.8334705435053603
