Approach,apfd
random_apfd,0.5021823779791081
deepGini_apfd,0.7122013011348536
leastConfidence_apfd,0.7118930904200447
margin_apfd,0.7118930904200447
