Approach,apfd
random_apfd,0.5034310617662072
deepGini_apfd,0.8567391271056661
leastConfidence_apfd,0.8563110005104645
margin_apfd,0.849601327207759
