Approach,apfd
random_apfd,0.4958034360546294
deepGini_apfd,0.5095665184347408
leastConfidence_apfd,0.5098243800778179
margin_apfd,0.5098243800778179
