Approach,apfd
random_apfd,0.4980326649398016
deepGini_apfd,0.7136385696662582
leastConfidence_apfd,0.7139867454835164
margin_apfd,0.7139867454835164
