Approach,apfd
random_apfd,0.4969132878470809
deepGini_apfd,0.6578328980861035
leastConfidence_apfd,0.6574746174681113
margin_apfd,0.6574746174681113
