Approach,apfd
random_apfd,0.5020181541372994
deepGini_apfd,0.5043290081035509
leastConfidence_apfd,0.5073588929797533
margin_apfd,0.5073588929797533
