Approach,apfd
random_apfd,0.5005021689132819
deepGini_apfd,0.5530165808983661
leastConfidence_apfd,0.5525948613544841
margin_apfd,0.5525948613544841
