Approach,apfd
random_apfd,0.496862932330827
deepGini_apfd,0.8531252130325815
leastConfidence_apfd,0.8526149122807017
margin_apfd,0.8456607017543859
