Approach,apfd
random_apfd,0.5000875971381027
deepGini_apfd,0.6191883772864056
leastConfidence_apfd,0.6189618824925832
margin_apfd,0.6189618824925832
