Approach,apfd
random_apfd,0.49083444444444446
deepGini_apfd,0.8491951282051282
leastConfidence_apfd,0.8487456288156289
margin_apfd,0.841871855921856
