Approach,apfd
random_apfd,0.5057593134479628
deepGini_apfd,0.5568984564531237
leastConfidence_apfd,0.5569587016361512
margin_apfd,0.5569587016361512
