Approach,apfd
random_apfd,0.5027018693388199
deepGini_apfd,0.6182773928111613
leastConfidence_apfd,0.6178329680565579
margin_apfd,0.6178329680565579
