Approach,apfd
random_apfd,0.4984228953771289
deepGini_apfd,0.8554669099756691
leastConfidence_apfd,0.8548984184914842
margin_apfd,0.8479946228710462
