Approach,apfd
random_apfd,0.4967292527551799
deepGini_apfd,0.5653769088691165
leastConfidence_apfd,0.5653663465569239
margin_apfd,0.5653663465569239
