Approach,apfd
random_apfd,0.49410871752453345
deepGini_apfd,0.5823303383118106
leastConfidence_apfd,0.5821234449402632
margin_apfd,0.5821234449402632
