Approach,apfd
random_apfd,0.5027753002335347
deepGini_apfd,0.5444619571347675
leastConfidence_apfd,0.5444607101038006
margin_apfd,0.5444607101038006
