Approach,apfd
random_apfd,0.491735690493313
deepGini_apfd,0.5821644201532005
leastConfidence_apfd,0.582106575517783
margin_apfd,0.582106575517783
