Approach,apfd
random_apfd,0.49901644243734955
deepGini_apfd,0.6008050458067902
leastConfidence_apfd,0.6007863371511541
margin_apfd,0.6007863371511541
