Approach,apfd
random_apfd,0.4975113280251704
deepGini_apfd,0.5469493908374146
leastConfidence_apfd,0.5471554330736343
margin_apfd,0.5471554330736343
