Approach,apfd
random_apfd,0.5103338691057722
deepGini_apfd,0.6052757487205158
leastConfidence_apfd,0.6053017001674565
margin_apfd,0.6053017001674565
