Approach,apfd
random_apfd,0.5012071724236824
deepGini_apfd,0.605866644354066
leastConfidence_apfd,0.6061756954218349
margin_apfd,0.6061756954218349
