Approach,apfd
random_apfd,0.5028112656667933
deepGini_apfd,0.5432773012156664
leastConfidence_apfd,0.5433086475328235
margin_apfd,0.5433086475328235
