Approach,apfd
random_apfd,0.5031505828635205
deepGini_apfd,0.6045975241872489
leastConfidence_apfd,0.604736947941213
margin_apfd,0.604736947941213
