Approach,apfd
random_apfd,0.504409704561072
deepGini_apfd,0.6083743633408238
leastConfidence_apfd,0.6082279990853898
margin_apfd,0.6082279990853898
