Approach,apfd
random_apfd,0.4991213366644307
deepGini_apfd,0.5917707884532528
leastConfidence_apfd,0.5916833866942267
margin_apfd,0.5916833866942267
