Approach,apfd
random_apfd,0.5002601343950206
deepGini_apfd,0.5684874216286264
leastConfidence_apfd,0.5685610920946851
margin_apfd,0.5685610920946851
