Approach,apfd
random_apfd,0.5044413868938642
deepGini_apfd,0.57472425719606
leastConfidence_apfd,0.5751383011931898
margin_apfd,0.5751383011931898
