Approach,apfd
random_apfd,0.4985124630869333
deepGini_apfd,0.5853429791975473
leastConfidence_apfd,0.5852713311327233
margin_apfd,0.5852713311327233
