Approach,apfd
random_apfd,0.5036841314442468
deepGini_apfd,0.5479400143937693
leastConfidence_apfd,0.5482643778681926
margin_apfd,0.5482643778681926
