Approach,apfd
random_apfd,0.5035868415446058
deepGini_apfd,0.5828864710975846
leastConfidence_apfd,0.582917832098695
margin_apfd,0.582917832098695
