Approach,apfd
random_apfd,0.49572331699969663
deepGini_apfd,0.6014516227918039
leastConfidence_apfd,0.6015632490058713
margin_apfd,0.6015632490058713
