Approach,apfd
random_apfd,0.49982236269711344
deepGini_apfd,0.5491471626447232
leastConfidence_apfd,0.5491026955695533
margin_apfd,0.5491026955695533
