Approach,apfd
random_apfd,0.49957118609579954
deepGini_apfd,0.5728734328393541
leastConfidence_apfd,0.5729721270819317
margin_apfd,0.5729721270819317
