Approach,apfd
random_apfd,0.4991672553461013
deepGini_apfd,0.5810091071666975
leastConfidence_apfd,0.5808945452645715
margin_apfd,0.5808945452645715
