Approach,apfd
random_apfd,0.5041298495774778
deepGini_apfd,0.5483035333905306
leastConfidence_apfd,0.5482396819171818
margin_apfd,0.5482396819171818
