Approach,apfd
random_apfd,0.5059303768386127
deepGini_apfd,0.579842769742225
leastConfidence_apfd,0.5795757465069773
margin_apfd,0.5795757465069773
