Approach,apfd
random_apfd,0.503447581945797
deepGini_apfd,0.6026637923763123
leastConfidence_apfd,0.603006653001346
margin_apfd,0.603006653001346
