Approach,apfd
random_apfd,0.5011291383395619
deepGini_apfd,0.5003600672912224
leastConfidence_apfd,0.49958045064938544
margin_apfd,0.49958045064938544
