Approach,apfd
random_apfd,0.49851814008478085
deepGini_apfd,0.50078541516868
leastConfidence_apfd,0.49914052601064557
margin_apfd,0.49914052601064557
