Approach,apfd
random_apfd,0.501096471014996
deepGini_apfd,0.5003795140794196
leastConfidence_apfd,0.49949236737067343
margin_apfd,0.49949236737067343
