Approach,apfd
random_apfd,0.50043771439276
deepGini_apfd,0.5001451779990931
leastConfidence_apfd,0.4997795471738287
margin_apfd,0.4997795471738287
