Approach,apfd
random_apfd,0.4999258855506071
deepGini_apfd,0.5004837307972827
leastConfidence_apfd,0.4991905443216946
margin_apfd,0.4991905443216946
