Approach,apfd
random_apfd,0.4995804039618548
deepGini_apfd,0.5003933794480372
leastConfidence_apfd,0.4993157644110327
margin_apfd,0.4993157644110327
