Approach,apfd
random_apfd,0.4988198616558888
deepGini_apfd,0.5003933845694651
leastConfidence_apfd,0.49931576953246076
margin_apfd,0.49931576953246076
