Approach,apfd
random_apfd,0.498915736441827
deepGini_apfd,0.5003786612301627
leastConfidence_apfd,0.4997286767390318
margin_apfd,0.4997286767390318
