Approach,apfd
random_apfd,0.5006129360662691
deepGini_apfd,0.5001184181650539
leastConfidence_apfd,0.4994634026557441
margin_apfd,0.4994634026557441
