Approach,apfd
random_apfd,0.49932725727781985
deepGini_apfd,0.5004636923704636
leastConfidence_apfd,0.49922219187386335
margin_apfd,0.49922219187386335
