Approach,apfd
random_apfd,0.5007209026332731
deepGini_apfd,0.5002909357513189
leastConfidence_apfd,0.49944190538515126
margin_apfd,0.49944190538515126
