Approach,apfd
random_apfd,0.5008811433318013
deepGini_apfd,0.5001534000779814
leastConfidence_apfd,0.4995702778585242
margin_apfd,0.4995702778585242
