Approach,apfd
random_apfd,0.5014037846397467
deepGini_apfd,0.7574472367379256
leastConfidence_apfd,0.760610783847981
margin_apfd,0.7637851464766429
