Approach,apfd
random_apfd,0.49415555555555557
deepGini_apfd,0.7609137677648579
leastConfidence_apfd,0.7642214793281653
margin_apfd,0.7671910448966408
