Approach,apfd
random_apfd,0.5002539657791637
deepGini_apfd,0.7570360558087471
leastConfidence_apfd,0.7599544774926041
margin_apfd,0.7629243663548413
