Approach,apfd
random_apfd,0.5045939515151515
deepGini_apfd,0.760454703030303
leastConfidence_apfd,0.7637586545454546
margin_apfd,0.766778597979798
