Approach,apfd
random_apfd,0.5023080328135153
deepGini_apfd,0.7607523797920728
leastConfidence_apfd,0.7637298489278752
margin_apfd,0.7664143031189083
