Approach,apfd
random_apfd,0.5041363557858377
deepGini_apfd,0.7562426911603077
leastConfidence_apfd,0.7595972680169572
margin_apfd,0.7630291333019312
