Approach,apfd
random_apfd,0.4963641960784314
deepGini_apfd,0.7503732470588235
leastConfidence_apfd,0.7535763686274509
margin_apfd,0.7579450117647059
