Approach,apfd
random_apfd,0.5017896560350219
deepGini_apfd,0.7445827204502814
leastConfidence_apfd,0.7474429018136336
margin_apfd,0.7500610881801125
