Approach,apfd
random_apfd,0.5018011272673863
deepGini_apfd,0.7553408643607256
leastConfidence_apfd,0.7584835830212234
margin_apfd,0.7621162040096937
