Approach,apfd
random_apfd,0.5045904855189368
deepGini_apfd,0.7474413036798033
leastConfidence_apfd,0.7504853921794576
margin_apfd,0.7541790159022816
