Approach,apfd
random_apfd,0.49899611816406253
deepGini_apfd,0.7608644612630208
leastConfidence_apfd,0.7638289306640625
margin_apfd,0.7663703938802083
