Approach,apfd
random_apfd,0.4990252859674561
deepGini_apfd,0.7605956742387626
leastConfidence_apfd,0.7640314805864347
margin_apfd,0.7672037538263251
