Approach,apfd
random_apfd,0.4982215509648491
deepGini_apfd,0.7582534670510049
leastConfidence_apfd,0.7616856874049164
margin_apfd,0.7652209344222917
