Approach,apfd
random_apfd,0.49993012913640034
deepGini_apfd,0.7598300080710251
leastConfidence_apfd,0.7633777966101695
margin_apfd,0.7670756255044391
