Approach,apfd
random_apfd,0.5022283227590695
deepGini_apfd,0.7603090125264357
leastConfidence_apfd,0.7633076134699853
margin_apfd,0.7660327720839434
