Approach,apfd
random_apfd,0.5052077995255041
deepGini_apfd,0.7638843268090154
leastConfidence_apfd,0.7669561091340451
margin_apfd,0.7694171708185054
