Approach,apfd
random_apfd,0.49867331444347573
deepGini_apfd,0.7499553400174368
leastConfidence_apfd,0.7535788070328393
margin_apfd,0.7561757483289742
