Approach,apfd
random_apfd,0.49604235488818926
deepGini_apfd,0.7559354444175345
leastConfidence_apfd,0.7586488213449584
margin_apfd,0.7613253531928635
