Approach,apfd
random_apfd,0.5015061501662207
deepGini_apfd,0.7617534298224277
leastConfidence_apfd,0.7649530973810102
margin_apfd,0.7680391105165004
