Approach,apfd
random_apfd,0.5052199266125917
deepGini_apfd,0.7506514986481266
leastConfidence_apfd,0.753468810351487
margin_apfd,0.7569327269215914
