Approach,apfd
random_apfd,0.49546715953000553
deepGini_apfd,0.7557754948347922
leastConfidence_apfd,0.7592249546565728
margin_apfd,0.7628243316773126
