Approach,apfd
random_apfd,0.5006849788321751
deepGini_apfd,0.7599778137231409
leastConfidence_apfd,0.7634851465772027
margin_apfd,0.7669016015656203
