Approach,apfd
random_apfd,0.5036451765719208
deepGini_apfd,0.7533968796492052
leastConfidence_apfd,0.756765503875969
margin_apfd,0.7606799898206875
