Approach,apfd
random_apfd,0.5047283687943263
deepGini_apfd,0.7611649983881367
leastConfidence_apfd,0.7645288362346873
margin_apfd,0.7675222356544165
