Approach,apfd
random_apfd,0.5020742206933192
deepGini_apfd,0.5051578618939453
leastConfidence_apfd,0.5052187795405209
margin_apfd,0.5052187795405209
