Approach,apfd
random_apfd,0.498717653846696
deepGini_apfd,0.5242963995056424
leastConfidence_apfd,0.5242515473402044
margin_apfd,0.5242515473402044
