Approach,apfd
random_apfd,0.5043749027799382
deepGini_apfd,0.5268390332066696
leastConfidence_apfd,0.5266634683250425
margin_apfd,0.5266634683250425
