Approach,apfd
random_apfd,0.49576424756698534
deepGini_apfd,0.5232235976766654
leastConfidence_apfd,0.5232420496475739
margin_apfd,0.5232420496475739
