Approach,apfd
random_apfd,0.499866629947906
deepGini_apfd,0.52672772615635
leastConfidence_apfd,0.5267101207274759
margin_apfd,0.5267101207274759
