Approach,apfd
random_apfd,0.5001918475885722
deepGini_apfd,0.5268700245814644
leastConfidence_apfd,0.5266688650305126
margin_apfd,0.5266688650305126
