Approach,apfd
random_apfd,0.49648716651527647
deepGini_apfd,0.5198942161300458
leastConfidence_apfd,0.519969570603987
margin_apfd,0.519969570603987
