Approach,apfd
random_apfd,0.4981638687855192
deepGini_apfd,0.5210847605476308
leastConfidence_apfd,0.5212554615828645
margin_apfd,0.5212554615828645
