Approach,apfd
random_apfd,0.4945932456323502
deepGini_apfd,0.5055156061153888
leastConfidence_apfd,0.5054092077757069
margin_apfd,0.5054092077757069
