Approach,apfd
random_apfd,0.5006776568986299
deepGini_apfd,0.5245564648827911
leastConfidence_apfd,0.5245198783942367
margin_apfd,0.5245198783942367
