Approach,apfd
random_apfd,0.4980545224727424
deepGini_apfd,0.5232226448597295
leastConfidence_apfd,0.5231669324902918
margin_apfd,0.5231669324902918
