Approach,apfd
random_apfd,0.4983932029082081
deepGini_apfd,0.5190453639720168
leastConfidence_apfd,0.5191625587663201
margin_apfd,0.5191625587663201
