Approach,apfd
random_apfd,0.5018568871693887
deepGini_apfd,0.5210837346561007
leastConfidence_apfd,0.521108870453237
margin_apfd,0.521108870453237
