Approach,apfd
random_apfd,0.5025212534959541
deepGini_apfd,0.526663534461139
leastConfidence_apfd,0.5268535434662299
margin_apfd,0.5268535434662299
