Approach,apfd
random_apfd,0.4999397395463838
deepGini_apfd,0.5104541602537919
leastConfidence_apfd,0.5105118595386021
margin_apfd,0.5105118595386021
