Approach,apfd
random_apfd,0.49980504685451554
deepGini_apfd,0.5233108204394202
leastConfidence_apfd,0.5234454511069446
margin_apfd,0.5234454511069446
