Approach,apfd
random_apfd,0.5007136084806582
deepGini_apfd,0.5264943583264288
leastConfidence_apfd,0.5265752427723829
margin_apfd,0.5265752427723829
