Approach,apfd
random_apfd,0.4981862768175359
deepGini_apfd,0.5208942826543277
leastConfidence_apfd,0.520841832927933
margin_apfd,0.520841832927933
