Approach,apfd
random_apfd,0.5017123563358553
deepGini_apfd,0.5226998341182912
leastConfidence_apfd,0.5226707030523471
margin_apfd,0.5226707030523471
