Approach,apfd
random_apfd,0.5004569952506706
deepGini_apfd,0.5218198960073863
leastConfidence_apfd,0.5217018106783137
margin_apfd,0.5217018106783137
