Approach,apfd
random_apfd,0.5009738407929559
deepGini_apfd,0.5246702983319947
leastConfidence_apfd,0.5246385926873584
margin_apfd,0.5246385926873584
