Approach,apfd
random_apfd,0.5031266682645096
deepGini_apfd,0.5233020745883085
leastConfidence_apfd,0.5233607071424704
margin_apfd,0.5233607071424704
