Approach,apfd
random_apfd,0.4973433899051858
deepGini_apfd,0.5218329689487889
leastConfidence_apfd,0.5218442991577609
margin_apfd,0.5218442991577609
