Approach,apfd
random_apfd,0.49876180071265874
deepGini_apfd,0.5076615288065774
leastConfidence_apfd,0.5077623806171996
margin_apfd,0.5077623806171996
