Approach,apfd
random_apfd,0.5004712173920323
deepGini_apfd,0.584955505651233
leastConfidence_apfd,0.5846348409525084
margin_apfd,0.5846348409525084
