Approach,apfd
random_apfd,0.5009622196471191
deepGini_apfd,0.581325739158288
leastConfidence_apfd,0.5762129918315901
margin_apfd,0.5762129918315901
