Approach,apfd
random_apfd,0.500780118282443
deepGini_apfd,0.5617894620812165
leastConfidence_apfd,0.5552964644066168
margin_apfd,0.5552964644066168
