Approach,apfd
random_apfd,0.5068247348185255
deepGini_apfd,0.6021187932862793
leastConfidence_apfd,0.5951918841209206
margin_apfd,0.5951918841209206
