Approach,apfd
random_apfd,0.4939130052913535
deepGini_apfd,0.5920026200193756
leastConfidence_apfd,0.5889085052203671
margin_apfd,0.5889085052203671
