Approach,apfd
random_apfd,0.49597290003595573
deepGini_apfd,0.5971998130316747
leastConfidence_apfd,0.597603954392494
margin_apfd,0.597603954392494
