Approach,apfd
random_apfd,0.5010330298438115
deepGini_apfd,0.6022052959697756
leastConfidence_apfd,0.5958924524067439
margin_apfd,0.5958924524067439
