Approach,apfd
random_apfd,0.5081650903323992
deepGini_apfd,0.57795266340344
leastConfidence_apfd,0.5716462179964157
margin_apfd,0.5716462179964157
