Approach,apfd
random_apfd,0.49507536069835145
deepGini_apfd,0.5946704217498414
leastConfidence_apfd,0.5899266570553572
margin_apfd,0.5899266570553572
