Approach,apfd
random_apfd,0.4993748047606882
deepGini_apfd,0.5838308800712702
leastConfidence_apfd,0.5778479906665186
margin_apfd,0.5778479906665186
