Approach,apfd
random_apfd,0.5036656273183385
deepGini_apfd,0.5854804430289913
leastConfidence_apfd,0.580974561470087
margin_apfd,0.580974561470087
