Approach,apfd
random_apfd,0.49856116085195223
deepGini_apfd,0.6010622759689861
leastConfidence_apfd,0.5964290097674885
margin_apfd,0.5964290097674885
