Approach,apfd
random_apfd,0.49872092566654747
deepGini_apfd,0.5914442366967088
leastConfidence_apfd,0.5927402327202738
margin_apfd,0.5927402327202738
