Approach,apfd
random_apfd,0.4949999215754848
deepGini_apfd,0.597819834424563
leastConfidence_apfd,0.5910605304626644
margin_apfd,0.5910605304626644
