Approach,apfd
random_apfd,0.5051119850981949
deepGini_apfd,0.5857901014228786
leastConfidence_apfd,0.5848121839590307
margin_apfd,0.5848121839590307
