Approach,apfd
random_apfd,0.5048167755687687
deepGini_apfd,0.5992555871495227
leastConfidence_apfd,0.5969568536035236
margin_apfd,0.5969568536035236
