Approach,apfd
random_apfd,0.4988923755136646
deepGini_apfd,0.5946826949537751
leastConfidence_apfd,0.5888536082881471
margin_apfd,0.5888536082881471
