Approach,apfd
random_apfd,0.4964402706417993
deepGini_apfd,0.5869055263419898
leastConfidence_apfd,0.5838162951723315
margin_apfd,0.5838162951723315
