Approach,apfd
random_apfd,0.500018015269697
deepGini_apfd,0.5997301601147433
leastConfidence_apfd,0.5944631141149638
margin_apfd,0.5944631141149638
