Approach,apfd
random_apfd,0.49904608929016003
deepGini_apfd,0.5994943358215584
leastConfidence_apfd,0.5944164007065497
margin_apfd,0.5944164007065497
