Approach,apfd
random_apfd,0.49782542136514585
deepGini_apfd,0.5824301112435861
leastConfidence_apfd,0.5807382606584568
margin_apfd,0.5807382606584568
