Approach,apfd
random_apfd,0.49422290776568756
deepGini_apfd,0.5486704247179545
leastConfidence_apfd,0.5462628874966049
margin_apfd,0.5462628874966049
