Approach,apfd
random_apfd,0.49433019094541875
deepGini_apfd,0.5718703134156377
leastConfidence_apfd,0.569722575219733
margin_apfd,0.569722575219733
