Approach,apfd
random_apfd,0.49904020236263613
deepGini_apfd,0.5652644582354899
leastConfidence_apfd,0.5634422239897976
margin_apfd,0.5634422239897976
