Approach,apfd
random_apfd,0.49892816271433055
deepGini_apfd,0.4880127848502412
leastConfidence_apfd,0.48994126649870823
margin_apfd,0.48994126649870823
