Approach,apfd
random_apfd,0.5019423731555099
deepGini_apfd,0.4838694989164158
leastConfidence_apfd,0.48686368247360207
margin_apfd,0.48686368247360207
