Approach,apfd
random_apfd,0.49561942457621516
deepGini_apfd,0.4867403101547784
leastConfidence_apfd,0.4874466796894466
margin_apfd,0.4874466796894466
