Approach,apfd
random_apfd,0.49952372301165854
deepGini_apfd,0.48410901637415354
leastConfidence_apfd,0.4839987554041661
margin_apfd,0.4839987554041661
