Approach,apfd
random_apfd,0.5012927884041023
deepGini_apfd,0.4886391875777743
leastConfidence_apfd,0.49372094477122747
margin_apfd,0.49372094477122747
