Approach,apfd
random_apfd,0.49886748344953397
deepGini_apfd,0.4979703736141016
leastConfidence_apfd,0.49944289658970525
margin_apfd,0.49944289658970525
