Approach,apfd
random_apfd,0.502171251229644
deepGini_apfd,0.48611722988970746
leastConfidence_apfd,0.48529963791521363
margin_apfd,0.48529963791521363
