Approach,apfd
random_apfd,0.4977808489396475
deepGini_apfd,0.4819448331253113
leastConfidence_apfd,0.4856349906530025
margin_apfd,0.4856349906530025
