Approach,apfd
random_apfd,0.4989788756156706
deepGini_apfd,0.4861678834846355
leastConfidence_apfd,0.48738447534378243
margin_apfd,0.48738447534378243
