Approach,apfd
random_apfd,0.4993888482047583
deepGini_apfd,0.4852903375148901
leastConfidence_apfd,0.4856370691464363
margin_apfd,0.4856370691464363
