Approach,apfd
random_apfd,0.5008233994114354
deepGini_apfd,0.4967276494459005
leastConfidence_apfd,0.49645506668525347
margin_apfd,0.49645506668525347
