Approach,apfd
random_apfd,0.5065791337649347
deepGini_apfd,0.49443459293080955
leastConfidence_apfd,0.49416637113731904
margin_apfd,0.49416637113731904
