Approach,apfd
random_apfd,0.5034878914849158
deepGini_apfd,0.4842140057441526
leastConfidence_apfd,0.4871627248485985
margin_apfd,0.4871627248485985
