Approach,apfd
random_apfd,0.49576702383297805
deepGini_apfd,0.48472460226312936
leastConfidence_apfd,0.487429713839406
margin_apfd,0.487429713839406
