Approach,apfd
random_apfd,0.49993476311820256
deepGini_apfd,0.4919292434171478
leastConfidence_apfd,0.49325709674495405
margin_apfd,0.49325709674495405
