Approach,apfd
random_apfd,0.5007097597406449
deepGini_apfd,0.4923079069772713
leastConfidence_apfd,0.4916896549574811
margin_apfd,0.4916896549574811
