Approach,apfd
random_apfd,0.5059214306393165
deepGini_apfd,0.4871451261414253
leastConfidence_apfd,0.4889683469747909
margin_apfd,0.4889683469747909
