Approach,apfd
random_apfd,0.5010769147163249
deepGini_apfd,0.4849530649042619
leastConfidence_apfd,0.4861787061894503
margin_apfd,0.4861787061894503
