Approach,apfd
random_apfd,0.4965061029837569
deepGini_apfd,0.4843624357876635
leastConfidence_apfd,0.4866828436945852
margin_apfd,0.4866828436945852
