Approach,apfd
random_apfd,0.49501307511169507
deepGini_apfd,0.4858272773490708
leastConfidence_apfd,0.4876248215821594
margin_apfd,0.4876248215821594
