Approach,apfd
random_apfd,0.5023270179324054
deepGini_apfd,0.4910902578818535
leastConfidence_apfd,0.4949458132158698
margin_apfd,0.4949458132158698
