Approach,apfd
random_apfd,0.49652764481101624
deepGini_apfd,0.48725397251397945
leastConfidence_apfd,0.4883000533564284
margin_apfd,0.4883000533564284
