Approach,apfd
random_apfd,0.5050014905088017
deepGini_apfd,0.48667241737651296
leastConfidence_apfd,0.4876219539444307
margin_apfd,0.4876219539444307
