Approach,apfd
random_apfd,0.49637001166128075
deepGini_apfd,0.4860511370454606
leastConfidence_apfd,0.4877336315007052
margin_apfd,0.4877336315007052
