Approach,apfd
random_apfd,0.4943955777096114
deepGini_apfd,0.800094708588957
leastConfidence_apfd,0.7990830010224949
margin_apfd,0.7990830010224949
