Approach,apfd
random_apfd,0.4864766109369557
deepGini_apfd,0.8208235632183908
leastConfidence_apfd,0.8263175722744688
margin_apfd,0.8263175722744688
