Approach,apfd
random_apfd,0.4837420289855072
deepGini_apfd,0.8152671842650103
leastConfidence_apfd,0.8236588336783989
margin_apfd,0.8236588336783989
