Approach,apfd
random_apfd,0.4960135028248588
deepGini_apfd,0.813084802259887
leastConfidence_apfd,0.8156142090395481
margin_apfd,0.8156142090395481
