Approach,apfd
random_apfd,0.4904191090471276
deepGini_apfd,0.8183929996560028
leastConfidence_apfd,0.8254351393188855
margin_apfd,0.8254351393188855
