Approach,apfd
random_apfd,0.49057612994350286
deepGini_apfd,0.8202604872881356
leastConfidence_apfd,0.8279716101694915
margin_apfd,0.8279716101694915
