Approach,apfd
random_apfd,0.5042695385001253
deepGini_apfd,0.8038358289440682
leastConfidence_apfd,0.7993025457737647
margin_apfd,0.7993025457737647
