Approach,apfd
random_apfd,0.4963999720826354
deepGini_apfd,0.8033571468453378
leastConfidence_apfd,0.810063707426019
margin_apfd,0.810063707426019
