Approach,apfd
random_apfd,0.5084445424836601
deepGini_apfd,0.8069824836601307
leastConfidence_apfd,0.8105952614379085
margin_apfd,0.8105952614379085
