Approach,apfd
random_apfd,0.5047938425103612
deepGini_apfd,0.7825540556542333
leastConfidence_apfd,0.789387359384251
margin_apfd,0.789387359384251
