Approach,apfd
random_apfd,0.5026429689723882
deepGini_apfd,0.8070847850839739
leastConfidence_apfd,0.8115235553657842
margin_apfd,0.8115235553657842
