Approach,apfd
random_apfd,0.5008017124448966
deepGini_apfd,0.8165910647677178
leastConfidence_apfd,0.8234571888775856
margin_apfd,0.8234571888775856
