Approach,apfd
random_apfd,0.513987001173709
deepGini_apfd,0.804719190140845
leastConfidence_apfd,0.8117913732394366
margin_apfd,0.8117913732394366
