Approach,apfd
random_apfd,0.5009974468085107
deepGini_apfd,0.8202097163120567
leastConfidence_apfd,0.8284052482269504
margin_apfd,0.8284052482269504
