Approach,apfd
random_apfd,0.4916715296803653
deepGini_apfd,0.820550707762557
leastConfidence_apfd,0.817656095890411
margin_apfd,0.817656095890411
