Approach,apfd
random_apfd,0.5012217789827008
deepGini_apfd,0.7916027756261296
leastConfidence_apfd,0.797700012909889
margin_apfd,0.797700012909889
