Approach,apfd
random_apfd,0.49053136977694
deepGini_apfd,0.8147719289978008
leastConfidence_apfd,0.8230084040213635
margin_apfd,0.8230084040213635
