Approach,apfd
random_apfd,0.4924052138564864
deepGini_apfd,0.8206132732414281
leastConfidence_apfd,0.8278703605514316
margin_apfd,0.8278703605514316
