Approach,apfd
random_apfd,0.499113969571231
deepGini_apfd,0.8070332987551867
leastConfidence_apfd,0.8174619986168742
margin_apfd,0.8174619986168742
