Approach,apfd
random_apfd,0.4994417569193742
deepGini_apfd,0.8142106498194946
leastConfidence_apfd,0.8200772262334537
margin_apfd,0.8200772262334537
