Approach,apfd
random_apfd,0.4914341920785138
deepGini_apfd,0.8175978093235191
leastConfidence_apfd,0.823943235191027
margin_apfd,0.823943235191027
