Approach,apfd
random_apfd,0.49578900606060605
deepGini_apfd,0.7874075272727273
leastConfidence_apfd,0.7860723515151515
margin_apfd,0.7860723515151515
