Approach,apfd
random_apfd,0.509704673046252
deepGini_apfd,0.8079672567783094
leastConfidence_apfd,0.8169229186602871
margin_apfd,0.8169229186602871
