Approach,apfd
random_apfd,0.48856019144144147
deepGini_apfd,0.809680518018018
leastConfidence_apfd,0.8140622747747748
margin_apfd,0.8140622747747748
