Approach,apfd
random_apfd,0.4990137200375633
deepGini_apfd,0.5335964058420143
leastConfidence_apfd,0.5338804494089597
margin_apfd,0.5338804494089597
