Approach,apfd
random_apfd,0.5034002854150209
deepGini_apfd,0.5188201655100096
leastConfidence_apfd,0.5198186309762091
margin_apfd,0.5198186309762091
