Approach,apfd
random_apfd,0.49491436880648043
deepGini_apfd,0.5342650298532108
leastConfidence_apfd,0.5306946535989038
margin_apfd,0.5306946535989038
