Approach,apfd
random_apfd,0.4982881648143216
deepGini_apfd,0.5208982951290967
leastConfidence_apfd,0.5173756168234035
margin_apfd,0.5173756168234035
