Approach,apfd
random_apfd,0.5013532799239446
deepGini_apfd,0.5353869287330316
leastConfidence_apfd,0.5343414457879948
margin_apfd,0.5343414457879948
