Approach,apfd
random_apfd,0.4993292888113682
deepGini_apfd,0.5170901344987763
leastConfidence_apfd,0.5179774268791232
margin_apfd,0.5179774268791232
