Approach,apfd
random_apfd,0.5013907098360778
deepGini_apfd,0.5357160101517634
leastConfidence_apfd,0.53526139062479
margin_apfd,0.53526139062479
