Approach,apfd
random_apfd,0.49882210409754246
deepGini_apfd,0.5296200007484201
leastConfidence_apfd,0.5323123411110345
margin_apfd,0.5323123411110345
