Approach,apfd
random_apfd,0.49633537406385786
deepGini_apfd,0.5509614987614749
leastConfidence_apfd,0.5479818197338586
margin_apfd,0.5479818197338586
