Approach,apfd
random_apfd,0.5023144074239876
deepGini_apfd,0.5028368040231828
leastConfidence_apfd,0.5035913783940571
margin_apfd,0.5035913783940571
