Approach,apfd
random_apfd,0.5017537961440088
deepGini_apfd,0.5107183196942174
leastConfidence_apfd,0.5125460117824018
margin_apfd,0.5125460117824018
