Approach,apfd
random_apfd,0.5032066745654519
deepGini_apfd,0.5247304038737036
leastConfidence_apfd,0.5245700920904336
margin_apfd,0.5245700920904336
