Approach,apfd
random_apfd,0.5030950215016635
deepGini_apfd,0.5311599441415777
leastConfidence_apfd,0.5326092421162012
margin_apfd,0.5326092421162012
