Approach,apfd
random_apfd,0.5030347731565882
deepGini_apfd,0.5360016254109096
leastConfidence_apfd,0.5379966019982972
margin_apfd,0.5379966019982972
