Approach,apfd
random_apfd,0.49469763556081736
deepGini_apfd,0.5397361540113924
leastConfidence_apfd,0.5434106980443776
margin_apfd,0.5434106980443776
