Approach,apfd
random_apfd,0.5037436859980324
deepGini_apfd,0.514219188922782
leastConfidence_apfd,0.5177971059353487
margin_apfd,0.5177971059353487
