Approach,apfd
random_apfd,0.49950606112594786
deepGini_apfd,0.5292100161530254
leastConfidence_apfd,0.5321958207363376
margin_apfd,0.5321958207363376
