Approach,apfd
random_apfd,0.5015941339713436
deepGini_apfd,0.5236726167675977
leastConfidence_apfd,0.5248934520727678
margin_apfd,0.5248934520727678
