Approach,apfd
random_apfd,0.49876417096987513
deepGini_apfd,0.537243725467721
leastConfidence_apfd,0.536430508922186
margin_apfd,0.536430508922186
