Approach,apfd
random_apfd,0.49925257945854873
deepGini_apfd,0.5000890137053343
leastConfidence_apfd,0.49869383564644487
margin_apfd,0.49869383564644487
