Approach,apfd
random_apfd,0.4959886060953451
deepGini_apfd,0.5184163405225164
leastConfidence_apfd,0.511185507565631
margin_apfd,0.511185507565631
