Approach,apfd
random_apfd,0.5022081109337421
deepGini_apfd,0.5415608359545526
leastConfidence_apfd,0.5445570117840468
margin_apfd,0.5445570117840468
