Approach,apfd
random_apfd,0.4986664353150625
deepGini_apfd,0.5311343194484376
leastConfidence_apfd,0.5309197366137978
margin_apfd,0.5309197366137978
