Approach,apfd
random_apfd,0.4981395556043431
deepGini_apfd,0.5290718074337574
leastConfidence_apfd,0.5310598661083733
margin_apfd,0.5310598661083733
