Approach,apfd
random_apfd,0.48945035429583705
deepGini_apfd,0.9016886772955418
leastConfidence_apfd,0.9018974756421612
margin_apfd,0.9031903897254208
