Approach,apfd
random_apfd,0.49924569224952986
deepGini_apfd,0.5664695367604806
leastConfidence_apfd,0.5661663983612143
margin_apfd,0.5661663983612143
