Approach,apfd
random_apfd,0.5012264851081822
deepGini_apfd,0.5513814891448033
leastConfidence_apfd,0.5515146053674963
margin_apfd,0.5515146053674963
