Approach,apfd
random_apfd,0.4961302814375703
deepGini_apfd,0.5747568035828483
leastConfidence_apfd,0.574762699413844
margin_apfd,0.574762699413844
