Approach,apfd
random_apfd,0.5012631983352486
deepGini_apfd,0.551458549642644
leastConfidence_apfd,0.5515118260040526
margin_apfd,0.5515118260040526
