Approach,apfd
random_apfd,0.4976332369942197
deepGini_apfd,0.8627065436490292
leastConfidence_apfd,0.8626356528827627
margin_apfd,0.8598822513709797
