Approach,apfd
random_apfd,0.5010936588910643
deepGini_apfd,0.5287997062485353
leastConfidence_apfd,0.5287901118182414
margin_apfd,0.5287901118182414
