Approach,apfd
random_apfd,0.49962350405901784
deepGini_apfd,0.4834536620750844
leastConfidence_apfd,0.483466673137076
margin_apfd,0.483466673137076
