Approach,apfd
random_apfd,0.4977765246117658
deepGini_apfd,0.5465917220368035
leastConfidence_apfd,0.5466078045126521
margin_apfd,0.5466078045126521
