Approach,apfd
random_apfd,0.4893636376568451
deepGini_apfd,0.6272057717970709
leastConfidence_apfd,0.6272501763306549
margin_apfd,0.6272501763306549
