Approach,apfd
random_apfd,0.4983684123033015
deepGini_apfd,0.4882274779626657
leastConfidence_apfd,0.4880887663451086
margin_apfd,0.4880887663451086
