Approach,apfd
random_apfd,0.4962460706250583
deepGini_apfd,0.5304059920577513
leastConfidence_apfd,0.5303991327997485
margin_apfd,0.5303991327997485
