Approach,apfd
random_apfd,0.49708652992457686
deepGini_apfd,0.48731963567265074
leastConfidence_apfd,0.4869800135480264
margin_apfd,0.4869800135480264
