Approach,apfd
random_apfd,0.5016683190575308
deepGini_apfd,0.4842531320653883
leastConfidence_apfd,0.4843934168452169
margin_apfd,0.4843934168452169
