Approach,apfd
random_apfd,0.5009902372918168
deepGini_apfd,0.48729385285874965
leastConfidence_apfd,0.4870769522178486
margin_apfd,0.4870769522178486
