Approach,apfd
random_apfd,0.5001779651265315
deepGini_apfd,0.48819996129487325
leastConfidence_apfd,0.48802920045270554
margin_apfd,0.48802920045270554
