Approach,apfd
random_apfd,0.5012002972636813
deepGini_apfd,0.4847368975003196
leastConfidence_apfd,0.48454400990402674
margin_apfd,0.48454400990402674
