Approach,apfd
random_apfd,0.49648741458813106
deepGini_apfd,0.5506697469007816
leastConfidence_apfd,0.5508704940022583
margin_apfd,0.5508704940022583
