Approach,apfd
random_apfd,0.5019134977578475
deepGini_apfd,0.9020317937219731
leastConfidence_apfd,0.9022830642750373
margin_apfd,0.9033553811659193
