Approach,apfd
random_apfd,0.5091559021460689
deepGini_apfd,0.6229090948693989
leastConfidence_apfd,0.6229854224728266
margin_apfd,0.6229854224728266
