Approach,apfd
random_apfd,0.494510205930076
deepGini_apfd,0.6272212395563364
leastConfidence_apfd,0.6276734059159588
margin_apfd,0.6276734059159588
