Approach,apfd
random_apfd,0.5045035244622497
deepGini_apfd,0.5497172157836696
leastConfidence_apfd,0.5497168425943376
margin_apfd,0.5497168425943376
