Approach,apfd
random_apfd,0.49792463056063974
deepGini_apfd,0.5532304781001371
leastConfidence_apfd,0.5530244165600219
margin_apfd,0.5530244165600219
