Approach,apfd
random_apfd,0.49945569808174983
deepGini_apfd,0.6792471875407242
leastConfidence_apfd,0.6793316714253607
margin_apfd,0.6793316714253607
