Approach,mutation_feature_apfd,mutation_model_apfd,fusion_2_feature_apfd,fusion_3_feature_apfd
lr,0.693193231567842,0.7025903364858872,0.7048998404065769,0.7589481527551969
rf,0.6975756313105621,0.702511251039212,0.7062373604187784,0.8004139201190171
xgb,0.6975575345724228,0.7030352641502537,0.705927987226764,0.8159443247098624
lgb,0.6976369981598949,0.7028585463511483,0.7065715108363448,0.8170052977525651
