Approach,apfd
random_apfd,0.49415152825836217
deepGini_apfd,0.9010575259515571
leastConfidence_apfd,0.9013369953863899
margin_apfd,0.9024577854671281
