Approach,apfd
random_apfd,0.5004597605835776
deepGini_apfd,0.48884198516116967
leastConfidence_apfd,0.4885570484444168
margin_apfd,0.4885570484444168
