Approach,apfd
random_apfd,0.4927684150678866
deepGini_apfd,0.5520133540908193
leastConfidence_apfd,0.5520133234651208
margin_apfd,0.5520133234651208
