Approach,apfd
random_apfd,0.5059220012055455
deepGini_apfd,0.9059130198915009
leastConfidence_apfd,0.9062094635322483
margin_apfd,0.9075967450271247
