Approach,apfd
random_apfd,0.49444440943140766
deepGini_apfd,0.6265663537161427
leastConfidence_apfd,0.6270808772938516
margin_apfd,0.6270808772938516
