Approach,apfd
random_apfd,0.49451871609403253
deepGini_apfd,0.9067868595539482
leastConfidence_apfd,0.9070802591922845
margin_apfd,0.9084066305003013
