Approach,apfd
random_apfd,0.498361785508421
deepGini_apfd,0.48361381431511036
leastConfidence_apfd,0.48376306577269784
margin_apfd,0.48376306577269784
