Approach,apfd
random_apfd,0.4999946153846154
deepGini_apfd,0.9062617345399698
leastConfidence_apfd,0.906561915535445
margin_apfd,0.9080297888386124
