Approach,apfd
random_apfd,0.5031558742573891
deepGini_apfd,0.5950504208304809
leastConfidence_apfd,0.5951236282010507
margin_apfd,0.5951236282010507
