Approach,apfd
random_apfd,0.5013367637306074
deepGini_apfd,0.6273693807152154
leastConfidence_apfd,0.627502432255626
margin_apfd,0.627502432255626
