Approach,apfd
random_apfd,0.5027667696381289
deepGini_apfd,0.8907164018829067
leastConfidence_apfd,0.8912288761400412
margin_apfd,0.8928240217711091
