Approach,apfd
random_apfd,0.4929677241584748
deepGini_apfd,0.9037357313077152
leastConfidence_apfd,0.9039524724456359
margin_apfd,0.9053300119154006
