Approach,apfd
random_apfd,0.4962600419664268
deepGini_apfd,0.9061078237410072
leastConfidence_apfd,0.9064197841726619
margin_apfd,0.9078458033573141
