Approach,apfd
random_apfd,0.5098928063943161
deepGini_apfd,0.901984872705743
leastConfidence_apfd,0.9022686204854944
margin_apfd,0.9039272054470101
