Approach,apfd
random_apfd,0.4973957638324457
deepGini_apfd,0.832452567539699
leastConfidence_apfd,0.8323461553625369
margin_apfd,0.8323461553625369
