Approach,apfd
random_apfd,0.503905380494561
deepGini_apfd,0.8047609830662096
leastConfidence_apfd,0.8048597215199053
margin_apfd,0.8048597215199053
