Approach,apfd
random_apfd,0.4959296861326996
deepGini_apfd,0.7338621858114824
leastConfidence_apfd,0.7338621858114824
margin_apfd,0.7338621858114824
