Approach,apfd
random_apfd,0.5043674382028116
deepGini_apfd,0.7981839914359802
leastConfidence_apfd,0.7981839914359802
margin_apfd,0.7981839914359802
