Approach,apfd
random_apfd,0.5003550433230644
deepGini_apfd,0.7136026315653206
leastConfidence_apfd,0.7136026547859433
margin_apfd,0.7136026547859433
