Approach,apfd
random_apfd,0.5077479494668684
deepGini_apfd,0.6711754476825382
leastConfidence_apfd,0.6688106706625525
margin_apfd,0.6688106706625525
