Approach,apfd
random_apfd,0.5028521514131564
deepGini_apfd,0.6544685844453231
leastConfidence_apfd,0.659384209378021
margin_apfd,0.659384209378021
