Approach,apfd
random_apfd,0.5005431182104171
deepGini_apfd,0.6647288670597716
leastConfidence_apfd,0.6632944586929909
margin_apfd,0.6632944586929909
