Approach,apfd
random_apfd,0.4973337710574109
deepGini_apfd,0.8223030469237177
leastConfidence_apfd,0.822758902033255
margin_apfd,0.822758902033255
