Approach,apfd
random_apfd,0.5000779107892075
deepGini_apfd,0.7874686405808109
leastConfidence_apfd,0.7872095365940708
margin_apfd,0.7872095365940708
