Approach,apfd
random_apfd,0.5087059592610818
deepGini_apfd,0.7873039046497329
leastConfidence_apfd,0.786944326439023
margin_apfd,0.786944326439023
