Approach,apfd
lr,0.8344801714746738
dt,0.8687002202776997
xgb,0.9770710083556696
nb,0.7720351879142571
knn,0.7720351879142571
