Approach,apfd
random_apfd,0.5000001857920752
deepGini_apfd,0.5131989808906547
vanillasoftmax_apfd,0.5131989808906547
pcs_apfd,0.5131989808906547
entropy_apfd,0.5131989808906547
