Approach,apfd
lr,0.6965247667458275
dt,0.7727593140627403
xgb,0.8280520146960981
nb,0.7490092127164949
knn,0.7490092127164949
