Approach,apfd
random_apfd,0.5055735756850014
deepGini_apfd,0.6928106549775382
vanillasoftmax_apfd,0.6928106549775382
pcs_apfd,0.6928106549775382
entropy_apfd,0.6928106549775382
