Approach,apfd
lr,0.7852778738697186
dt,0.7926741105890116
xgb,0.8083938846021207
nb,0.7744177629155576
knn,0.7744177629155576
