Approach,apfd
lr,0.6750460695252637
dt,0.7723737078397709
xgb,0.8299621443250222
nb,0.737554450115897
knn,0.737554450115897
