Approach,apfd
lr,0.74008967458839
dt,0.7058270275744183
xgb,0.8101233885351637
nb,0.7865702135498258
knn,0.7865702135498258
