Approach,apfd
lr,0.7784125350477836
dt,0.7889968321450873
xgb,0.8093585861661344
nb,0.7815993394003591
knn,0.7815993394003591
