Approach,apfd
lr,0.8244619973130658
dt,0.8697476404055793
xgb,0.9804960406564609
nb,0.7011420418047557
knn,0.7011420418047557
