Approach,apfd
random_apfd,0.501007703116796
deepGini_apfd,0.5030308917267656
vanillasoftmax_apfd,0.5030308917267656
pcs_apfd,0.5030308917267656
entropy_apfd,0.5030308917267656
