Approach,apfd
lr,0.8332280887585214
dt,0.8404919044127062
xgb,0.9852352046497732
nb,0.7508885164103937
knn,0.7508885164103937
