Approach,apfd
random_apfd,0.5015362544460229
deepGini_apfd,0.5831816968052722
vanillasoftmax_apfd,0.5831816968052722
pcs_apfd,0.5831816968052722
entropy_apfd,0.5831816968052722
