Approach,apfd
lr,0.8147731220007977
dt,0.8297177325017643
xgb,0.980646672222532
nb,0.7213769301986056
knn,0.7213769301986056
