Approach,apfd
random_apfd,0.5018985114244352
deepGini_apfd,0.7703415321890338
vanillasoftmax_apfd,0.7703415321890338
pcs_apfd,0.7703415321890338
entropy_apfd,0.7703415321890338
