Approach,apfd
lr,0.7841112803599131
dt,0.7899236229527382
xgb,0.8088351014058902
nb,0.7819677773853082
knn,0.7819677773853082
