Approach,apfd
random_apfd,0.5013764450424422
deepGini_apfd,0.7455040788094599
vanillasoftmax_apfd,0.7455040788094599
pcs_apfd,0.7455040788094599
entropy_apfd,0.7455040788094599
