Approach,apfd
lr,0.8063337537630129
dt,0.8120727244793554
xgb,0.864970283945781
nb,0.8129318951435357
knn,0.8129318951435357
