Approach,apfd
lr,0.7850422038388003
dt,0.7867321064268397
xgb,0.8084343590784316
nb,0.7775449809341722
knn,0.7775449809341722
