Approach,apfd
random_apfd,0.49965563671722774
deepGini_apfd,0.5831733119488735
vanillasoftmax_apfd,0.5831733119488735
pcs_apfd,0.5831733119488735
entropy_apfd,0.5831733119488735
