Approach,apfd
random_apfd,0.5034538280748895
deepGini_apfd,0.47351335881282675
vanillasoftmax_apfd,0.47351335881282675
pcs_apfd,0.47351335881282675
entropy_apfd,0.47351335881282675
