Approach,apfd
random_apfd,0.4973913292660183
deepGini_apfd,0.5825005236886276
vanillasoftmax_apfd,0.5825005236886276
pcs_apfd,0.5825005236886276
entropy_apfd,0.5825005236886276
