Approach,apfd
random_apfd,0.5024467450284449
deepGini_apfd,0.7127095099021349
vanillasoftmax_apfd,0.7127095099021349
pcs_apfd,0.7127095099021349
entropy_apfd,0.7127095099021349
