Approach,apfd
random_apfd,0.48038187437350666
deepGini_apfd,0.6945246608645562
vanillasoftmax_apfd,0.6945246608645562
pcs_apfd,0.6945246608645562
entropy_apfd,0.6945246608645562
