Approach,apfd
lr,0.5441631568017091
dt,0.6186325861408273
xgb,0.6311969623130835
nb,0.5784517497633637
knn,0.5784517497633637
