Approach,apfd
lr,0.5431656693651905
dt,0.6172905114208533
xgb,0.6307290433456613
nb,0.5696262720052734
knn,0.5696262720052734
