Approach,apfd
lr,0.6701917814632935
dt,0.7688570358169291
xgb,0.8299985812070496
nb,0.7381904307868428
knn,0.7381904307868428
