Approach,apfd
random_apfd,0.49418802869489636
deepGini_apfd,0.7428112657293862
vanillasoftmax_apfd,0.7428112657293862
pcs_apfd,0.7428112657293862
entropy_apfd,0.7428112657293862
