Approach,apfd
lr,0.5194591292576662
dt,0.6179007006042818
xgb,0.6304236235825753
nb,0.5794941595050428
knn,0.5794941595050428
