Approach,apfd
random_apfd,0.500040428269792
deepGini_apfd,0.4582810615872014
vanillasoftmax_apfd,0.4582810615872014
pcs_apfd,0.4582810615872014
entropy_apfd,0.4582810615872014
