Approach,apfd
lr,0.5466651648259179
dt,0.6138352728060591
xgb,0.6285023379022421
nb,0.5775497711128441
knn,0.5775497711128441
