Approach,apfd
lr,0.8335777723457998
dt,0.8717543931122519
xgb,0.9824775057908767
nb,0.700826533660804
knn,0.700826533660804
