Approach,apfd
random_apfd,0.5032856202487962
deepGini_apfd,0.5825112425852728
vanillasoftmax_apfd,0.5825112425852728
pcs_apfd,0.5825112425852728
entropy_apfd,0.5825112425852728
