Approach,apfd
lr,0.595006229938784
dt,0.717790976376874
xgb,0.7231812586037057
nb,0.573144187718199
knn,0.573144187718199
