Approach,apfd
lr,0.7859281281097293
dt,0.7900149923450756
xgb,0.8091583856656516
nb,0.7806964145909238
knn,0.7806964145909238
