Approach,apfd
lr,0.8982257184408248
dt,0.8391788824445877
xgb,0.9895656639728994
nb,0.7652397847949058
knn,0.7652397847949058
