Approach,apfd
random_apfd,0.4962062294003561
deepGini_apfd,0.5049028109055477
vanillasoftmax_apfd,0.5049028109055477
pcs_apfd,0.5049028109055477
entropy_apfd,0.5049028109055477
