Approach,apfd
lr,0.5456461725144106
dt,0.616847494810852
xgb,0.6304996196566757
nb,0.5737973444212705
knn,0.5737973444212705
