Approach,apfd
random_apfd,0.4979447423748654
deepGini_apfd,0.46793317161708203
vanillasoftmax_apfd,0.46793317161708203
pcs_apfd,0.46793317161708203
entropy_apfd,0.46793317161708203
