Approach,apfd
random_apfd,0.5047531712514319
deepGini_apfd,0.47070362673910027
vanillasoftmax_apfd,0.47070362673910027
pcs_apfd,0.47070362673910027
entropy_apfd,0.47070362673910027
