Approach,apfd
lr,0.7523219220575479
dt,0.7118272333489237
xgb,0.8088166757958302
lgb,0.8186711999246323
