Approach,apfd
random_apfd,0.5128359581427292
deepGini_apfd,0.6992265251248385
vanillasoftmax_apfd,0.6992265251248385
pcs_apfd,0.6992265251248385
entropy_apfd,0.6992265251248385
