Approach,apfd
lr,0.8107455113677952
dt,0.8339276285594993
xgb,0.9838681760200265
nb,0.6717375102482552
knn,0.6717375102482552
