Approach,apfd
random_apfd,0.49698263391362835
deepGini_apfd,0.7399542340559656
vanillasoftmax_apfd,0.7399542340559656
pcs_apfd,0.7399542340559656
entropy_apfd,0.7399542340559656
