Approach,apfd
random_apfd,0.50512568563836
deepGini_apfd,0.7366765109750338
vanillasoftmax_apfd,0.7366765109750338
pcs_apfd,0.7366765109750338
entropy_apfd,0.7366765109750338
