Approach,apfd
lr,0.7000944570291143
dt,0.7705710888744096
xgb,0.8302179915701655
nb,0.7466395861565194
knn,0.7466395861565194
