Approach,apfd
random_apfd,0.4942991765339965
deepGini_apfd,0.5818606253341859
vanillasoftmax_apfd,0.5818606253341859
pcs_apfd,0.5818606253341859
entropy_apfd,0.5818606253341859
