Approach,apfd
lr,0.5958873739772382
dt,0.7153360909090658
xgb,0.720064650629214
nb,0.5723993302930833
knn,0.5723993302930833
