Approach,apfd
random_apfd,0.503792592788449
deepGini_apfd,0.7400222946917814
vanillasoftmax_apfd,0.7400222946917814
pcs_apfd,0.7400222946917814
entropy_apfd,0.7400222946917814
