Approach,apfd
lr,0.7832232477519019
dt,0.7877024372215803
xgb,0.8083880583314645
nb,0.7789900765753012
knn,0.7789900765753012
