Approach,apfd
lr,0.8488888031208144
dt,0.8120571329733933
xgb,0.9868095848682246
nb,0.7768722098573249
knn,0.7768722098573249
