Approach,apfd
lr,0.5179880834953567
dt,0.6163805341528799
xgb,0.6291797568519204
nb,0.5710475332104163
knn,0.5710475332104163
