Approach,apfd
random_apfd,0.5028858734550072
deepGini_apfd,0.515032671083891
vanillasoftmax_apfd,0.515032671083891
pcs_apfd,0.515032671083891
entropy_apfd,0.515032671083891
