Approach,apfd
lr,0.6689362372422043
dt,0.7741738854356941
xgb,0.8297185025176622
nb,0.7356290323974768
knn,0.7356290323974768
