Approach,apfd
lr,0.837454543944789
dt,0.8613737576296371
xgb,0.9879365973985669
nb,0.7247230080426145
knn,0.7247230080426145
