Approach,apfd
lr,0.6759445107681805
dt,0.7745088797458736
xgb,0.8306528831712323
nb,0.74527662814904
knn,0.74527662814904
