Approach,apfd
lr,0.6951610744321493
dt,0.7733097270095621
xgb,0.830166018473241
nb,0.7474276421438331
knn,0.7474276421438331
