Approach,apfd
random_apfd,0.49739945663407736
deepGini_apfd,0.41325560772641523
vanillasoftmax_apfd,0.41325560772641523
pcs_apfd,0.41325560772641523
entropy_apfd,0.41325560772641523
