Approach,apfd
random_apfd,0.5003405824981693
deepGini_apfd,0.47687854773972715
vanillasoftmax_apfd,0.47687854773972715
pcs_apfd,0.47687854773972715
entropy_apfd,0.47687854773972715
