Approach,apfd
random_apfd,0.498230130926139
deepGini_apfd,0.514541149480884
vanillasoftmax_apfd,0.514541149480884
pcs_apfd,0.514541149480884
entropy_apfd,0.514541149480884
