Approach,apfd
random_apfd,0.49649902078960095
deepGini_apfd,0.4401646075161946
vanillasoftmax_apfd,0.4401646075161946
pcs_apfd,0.4401646075161946
entropy_apfd,0.4401646075161946
