Approach,apfd
random_apfd,0.518862543795323
deepGini_apfd,0.7675557827110014
vanillasoftmax_apfd,0.7675557827110014
pcs_apfd,0.7675557827110014
entropy_apfd,0.7675557827110014
