Approach,apfd
lr,0.8138698351913124
dt,0.8086200569357315
xgb,0.8668297197617959
nb,0.824600234041914
knn,0.824600234041914
