Approach,apfd
lr,0.5972211009654441
dt,0.716542321052161
xgb,0.7222128010471739
nb,0.5732514565956296
knn,0.5732514565956296
