Approach,apfd
random_apfd,0.5016664125952501
deepGini_apfd,0.582957349907867
vanillasoftmax_apfd,0.582957349907867
pcs_apfd,0.582957349907867
entropy_apfd,0.582957349907867
