Approach,apfd
lr,0.5923921507852976
dt,0.7169910533974666
xgb,0.7210446068971436
nb,0.5742249619080134
knn,0.5742249619080134
