Approach,apfd
random_apfd,0.4962907176252906
deepGini_apfd,0.5856975821132326
vanillasoftmax_apfd,0.5856975821132326
pcs_apfd,0.5856975821132326
entropy_apfd,0.5856975821132326
