Approach,apfd
random_apfd,0.5025379292681839
deepGini_apfd,0.5047252071021869
vanillasoftmax_apfd,0.5047252071021869
pcs_apfd,0.5047252071021869
entropy_apfd,0.5047252071021869
