Approach,apfd
lr,0.7859232916534392
dt,0.7467819899974902
xgb,0.8629256634682348
nb,0.8230522489025994
knn,0.8230522489025994
