Approach,apfd
lr,0.8078273498075769
dt,0.8114478577449689
xgb,0.8666947518206035
nb,0.8095262494657885
knn,0.8095262494657885
