Approach,apfd
lr,0.595438773790749
dt,0.7142979340064616
xgb,0.719682892551848
nb,0.5727971389853234
knn,0.5727971389853234
