Approach,apfd
lr,0.8138511752473516
dt,0.8151580482974702
xgb,0.8673457581829583
nb,0.8145696171020405
knn,0.8145696171020405
