Approach,apfd
random_apfd,0.4991493020011071
deepGini_apfd,0.5146960924536275
vanillasoftmax_apfd,0.5146960924536275
pcs_apfd,0.5146960924536275
entropy_apfd,0.5146960924536275
