Approach,apfd
random_apfd,0.49948597147155627
deepGini_apfd,0.5147446729841797
vanillasoftmax_apfd,0.5147446729841797
pcs_apfd,0.5147446729841797
entropy_apfd,0.5147446729841797
