Approach,apfd
lr,0.5970274121924158
dt,0.7173444102358205
xgb,0.720740788614895
nb,0.5714145966076295
knn,0.5714145966076295
