Approach,apfd
lr,0.8100954255025602
dt,0.8086316045742827
xgb,0.8665235682282547
nb,0.806265252887916
knn,0.806265252887916
