Approach,apfd
random_apfd,0.4985404824486718
deepGini_apfd,0.5141178154312811
vanillasoftmax_apfd,0.5141178154312811
pcs_apfd,0.5141178154312811
entropy_apfd,0.5141178154312811
