Approach,apfd
random_apfd,0.4948109077564077
deepGini_apfd,0.5001591094482913
vanillasoftmax_apfd,0.5001591094482913
pcs_apfd,0.5001591094482913
entropy_apfd,0.5001591094482913
