Approach,apfd
random_apfd,0.5001646706021631
deepGini_apfd,0.5140020085551871
vanillasoftmax_apfd,0.5140020085551871
pcs_apfd,0.5140020085551871
entropy_apfd,0.5140020085551871
