Approach,apfd
random_apfd,0.4985525135877832
deepGini_apfd,0.5046809067857311
vanillasoftmax_apfd,0.5046809067857311
pcs_apfd,0.5046809067857311
entropy_apfd,0.5046809067857311
