Approach,apfd
lr,0.6735199244162617
dt,0.768243386487772
xgb,0.8315242417818124
nb,0.734412553626491
knn,0.734412553626491
