Approach,apfd
random_apfd,0.4998166707406503
deepGini_apfd,0.6942902150675311
vanillasoftmax_apfd,0.6942902150675311
pcs_apfd,0.6942902150675311
entropy_apfd,0.6942902150675311
