Approach,apfd
random_apfd,0.4961940869166533
deepGini_apfd,0.7402348050838247
vanillasoftmax_apfd,0.7402348050838247
pcs_apfd,0.7402348050838247
entropy_apfd,0.7402348050838247
