Approach,apfd
random_apfd,0.5012483517068842
deepGini_apfd,0.5155480156398506
vanillasoftmax_apfd,0.5155480156398506
pcs_apfd,0.5155480156398506
entropy_apfd,0.5155480156398506
