Approach,apfd
random_apfd,0.5001940889588712
deepGini_apfd,0.5143299397812571
vanillasoftmax_apfd,0.5143299397812571
pcs_apfd,0.5143299397812571
entropy_apfd,0.5143299397812571
