Approach,apfd
lr,0.5965367471927853
dt,0.7179497458535288
xgb,0.7215484976761884
nb,0.5754080055604537
knn,0.5754080055604537
