Approach,apfd
lr,0.8414524621050868
dt,0.8251203656148466
xgb,0.9721865939391943
nb,0.7155013700486224
knn,0.7155013700486224
