Approach,apfd
random_apfd,0.4971092140488377
deepGini_apfd,0.5037696870989464
vanillasoftmax_apfd,0.5037696870989464
pcs_apfd,0.5037696870989464
entropy_apfd,0.5037696870989464
