Approach,apfd
lr,0.7864228426866801
dt,0.7922918586941051
xgb,0.8084828037596419
nb,0.7762997869728231
knn,0.7762997869728231
