Approach,apfd
lr,0.5941351748100696
dt,0.717277088315703
xgb,0.7206739838715109
nb,0.5723398994709441
knn,0.5723398994709441
