Approach,apfd
random_apfd,0.49769415160555136
deepGini_apfd,0.5827470474819666
vanillasoftmax_apfd,0.5827470474819666
pcs_apfd,0.5827470474819666
entropy_apfd,0.5827470474819666
