Approach,apfd
lr,0.6746351437176195
dt,0.7676247005147524
xgb,0.8303045542601053
nb,0.7331194951277458
knn,0.7331194951277458
