Approach,apfd
lr,0.5948527426161258
dt,0.7172347967996954
xgb,0.7220460418944897
nb,0.5717659727681728
knn,0.5717659727681728
