Approach,apfd
random_apfd,0.5003633778230704
deepGini_apfd,0.5039668141505501
vanillasoftmax_apfd,0.5039668141505501
pcs_apfd,0.5039668141505501
entropy_apfd,0.5039668141505501
