Approach,apfd
lr,0.8227981637215055
dt,0.863814321494489
xgb,0.9785468075404627
nb,0.7329827683148334
knn,0.7329827683148334
