Approach,apfd
random_apfd,0.4983317551988611
deepGini_apfd,0.5034012496302028
vanillasoftmax_apfd,0.5034012496302028
pcs_apfd,0.5034012496302028
entropy_apfd,0.5034012496302028
