Approach,apfd
random_apfd,0.49878837111956076
deepGini_apfd,0.5039057771295906
vanillasoftmax_apfd,0.5039057771295906
pcs_apfd,0.5039057771295906
entropy_apfd,0.5039057771295906
