Approach,apfd
lr,0.8131579656156896
dt,0.8172204099349027
xgb,0.8668290387476122
nb,0.8201841298879962
knn,0.8201841298879962
