Approach,apfd
lr,0.5449516934289347
dt,0.6161883553306591
xgb,0.6312558006513181
nb,0.5735425024574188
knn,0.5735425024574188
