Approach,apfd
lr,0.8172244858758909
dt,0.8102304771791016
xgb,0.8655205557689793
nb,0.8112351749983653
knn,0.8112351749983653
