Approach,apfd
lr,0.7827696995550898
dt,0.790606822667523
xgb,0.8083696946554316
nb,0.7747981553852037
knn,0.7747981553852037
