Approach,apfd
random_apfd,0.5565959817870162
deepGini_apfd,0.7191484311620773
vanillasoftmax_apfd,0.7191484311620773
pcs_apfd,0.7191484311620773
entropy_apfd,0.7191484311620773
