Approach,apfd
random_apfd,0.49966546683940366
deepGini_apfd,0.7348827639688092
vanillasoftmax_apfd,0.7348827639688092
pcs_apfd,0.7348827639688092
entropy_apfd,0.7348827639688092
