Approach,apfd
random_apfd,0.4990466289365469
deepGini_apfd,0.5861765511088085
vanillasoftmax_apfd,0.5861765511088085
pcs_apfd,0.5861765511088085
entropy_apfd,0.5861765511088085
