Approach,apfd
random_apfd,0.49955757153729996
deepGini_apfd,0.5044507772771105
vanillasoftmax_apfd,0.5044507772771105
pcs_apfd,0.5044507772771105
entropy_apfd,0.5044507772771105
