Approach,apfd
lr,0.5973502953087367
dt,0.7165560528074454
xgb,0.7205239045332706
nb,0.5748831999330926
knn,0.5748831999330926
