Approach,apfd
random_apfd,0.5078939769766045
deepGini_apfd,0.7387538911635045
vanillasoftmax_apfd,0.7387538911635045
pcs_apfd,0.7387538911635045
entropy_apfd,0.7387538911635045
