Approach,apfd
lr,0.8132997071697047
dt,0.8134044392719436
xgb,0.8681129671261556
nb,0.8126739093948616
knn,0.8126739093948616
