Approach,apfd
random_apfd,0.4951783673548747
deepGini_apfd,0.7410697774647705
vanillasoftmax_apfd,0.7410697774647705
pcs_apfd,0.7410697774647705
entropy_apfd,0.7410697774647705
