Approach,apfd
lr,0.6689253543658403
dt,0.7715744927520694
xgb,0.8297676223154657
nb,0.7465363650102688
knn,0.7465363650102688
