Approach,apfd
random_apfd,0.4962464279562389
deepGini_apfd,0.7433585106289006
vanillasoftmax_apfd,0.7433585106289006
pcs_apfd,0.7433585106289006
entropy_apfd,0.7433585106289006
