Approach,apfd
lr,0.5183991531096804
dt,0.6169619130214674
xgb,0.6304533361701334
nb,0.576306872143705
knn,0.576306872143705
