Approach,apfd
random_apfd,0.5007700565032097
deepGini_apfd,0.5843273154032663
vanillasoftmax_apfd,0.5843273154032663
pcs_apfd,0.5843273154032663
entropy_apfd,0.5843273154032663
