Approach,apfd
random_apfd,0.501096878948827
deepGini_apfd,0.5142309267843547
vanillasoftmax_apfd,0.5142309267843547
pcs_apfd,0.5142309267843547
entropy_apfd,0.5142309267843547
