Approach,apfd
random_apfd,0.5016119633122297
deepGini_apfd,0.6931230204847517
vanillasoftmax_apfd,0.6931230204847517
pcs_apfd,0.6931230204847517
entropy_apfd,0.6931230204847517
