Approach,apfd
random_apfd,0.5013695850401249
deepGini_apfd,0.7162984252626422
vanillasoftmax_apfd,0.7162984252626422
pcs_apfd,0.7162984252626422
entropy_apfd,0.7162984252626422
