Approach,apfd
random_apfd,0.5276049312830952
deepGini_apfd,0.7143048759626871
vanillasoftmax_apfd,0.7143048759626871
pcs_apfd,0.7143048759626871
entropy_apfd,0.7143048759626871
