Approach,apfd
random_apfd,0.5030732106350765
deepGini_apfd,0.679091395792795
vanillasoftmax_apfd,0.679091395792795
pcs_apfd,0.679091395792795
entropy_apfd,0.679091395792795
