Approach,apfd
random_apfd,0.4911900277991803
deepGini_apfd,0.4540190619121951
vanillasoftmax_apfd,0.4540190619121951
pcs_apfd,0.4540190619121951
entropy_apfd,0.4540190619121951
