Approach,apfd
lr,0.8155474645328402
dt,0.81375201720484
xgb,0.8667965382928668
nb,0.8142042815510281
knn,0.8142042815510281
