Approach,apfd
random_apfd,0.5027095597971801
deepGini_apfd,0.5049664360513009
vanillasoftmax_apfd,0.5049664360513009
pcs_apfd,0.5049664360513009
entropy_apfd,0.5049664360513009
