Approach,apfd
lr,0.7848835088600025
dt,0.7892885428794207
xgb,0.8093859281373167
nb,0.7766985276053961
knn,0.7766985276053961
