Approach,apfd
lr,0.8166265983815194
dt,0.8092845907465267
xgb,0.8674458479480555
nb,0.8069960033062726
knn,0.8069960033062726
