Approach,apfd
random_apfd,0.498562658568298
deepGini_apfd,0.7391437419273101
vanillasoftmax_apfd,0.7391437419273101
pcs_apfd,0.7391437419273101
entropy_apfd,0.7391437419273101
