Approach,apfd
lr,0.7854264034753766
dt,0.7913871057910663
xgb,0.8092711349597108
nb,0.7813741334651835
knn,0.7813741334651835
