Approach,apfd
random_apfd,0.500915314443648
deepGini_apfd,0.7366888733730851
vanillasoftmax_apfd,0.7366888733730851
pcs_apfd,0.7366888733730851
entropy_apfd,0.7366888733730851
