Approach,apfd
lr,0.5531653541645445
dt,0.6172717346665748
xgb,0.6295356827716776
nb,0.5688575461141734
knn,0.5688575461141734
