Approach,apfd
lr,0.519610759621163
dt,0.6160314693939152
xgb,0.6301408522227767
nb,0.5748147461639821
knn,0.5748147461639821
