Approach,apfd
random_apfd,0.5015931933685291
deepGini_apfd,0.44111637252326674
vanillasoftmax_apfd,0.44111637252326674
pcs_apfd,0.44111637252326674
entropy_apfd,0.44111637252326674
