Approach,apfd
random_apfd,0.5049199214778161
deepGini_apfd,0.6036801844188925
vanillasoftmax_apfd,0.6036801844188925
pcs_apfd,0.6036801844188925
entropy_apfd,0.6036801844188925
