Approach,apfd
random_apfd,0.49948877114846635
deepGini_apfd,0.6026191896417626
vanillasoftmax_apfd,0.6026191896417626
pcs_apfd,0.6026191896417626
entropy_apfd,0.6026191896417626
