Approach,apfd
random_apfd,0.49982695139655475
deepGini_apfd,0.7075199674749584
vanillasoftmax_apfd,0.7075199674749584
pcs_apfd,0.7075199674749584
entropy_apfd,0.7075199674749584
