Approach,apfd
random_apfd,0.4945096275551392
deepGini_apfd,0.7075426704861759
vanillasoftmax_apfd,0.7075426704861759
pcs_apfd,0.7075426704861759
entropy_apfd,0.7075426704861759
