Approach,apfd
lr,0.6133924931808105
dt,0.7355000827750023
xgb,0.748730824261662
nb,0.6157095422578908
knn,0.6157095422578908
