Approach,apfd
lr,0.7462087686290736
dt,0.7866488145325644
xgb,0.8738378756915577
nb,0.7845620507845807
knn,0.7845620507845807
