Approach,apfd
lr,0.726606874750173
dt,0.7389012245176512
xgb,0.8084459179495178
nb,0.7498333471449045
knn,0.7498333471449045
