Approach,apfd
random_apfd,0.49782906637390545
deepGini_apfd,0.5342078980155176
vanillasoftmax_apfd,0.5342078980155176
pcs_apfd,0.5342078980155176
entropy_apfd,0.5342078980155176
