Approach,apfd
random_apfd,0.5029324553515722
deepGini_apfd,0.520044905092173
vanillasoftmax_apfd,0.520044905092173
pcs_apfd,0.520044905092173
entropy_apfd,0.520044905092173
