Approach,apfd
random_apfd,0.5018312561185992
deepGini_apfd,0.5999858728599156
vanillasoftmax_apfd,0.5999858728599156
pcs_apfd,0.5999858728599156
entropy_apfd,0.5999858728599156
