Approach,apfd
lr,0.5963330374014608
dt,0.7811958068768877
xgb,0.8309156904874422
nb,0.7160822453537006
knn,0.7160822453537006
