Approach,apfd
lr,0.6198910513331595
dt,0.7946376482198214
xgb,0.8263014382077286
nb,0.6217092966206219
knn,0.6217092966206219
