Approach,apfd
random_apfd,0.49752358761359655
deepGini_apfd,0.6996004744791637
vanillasoftmax_apfd,0.6996004744791637
pcs_apfd,0.6996004744791637
entropy_apfd,0.6996004744791637
