Approach,apfd
lr,0.734678106869796
dt,0.788443799026909
xgb,0.8727911826035151
nb,0.7852860405407323
knn,0.7852860405407323
