Approach,apfd
lr,0.6180423868973032
dt,0.7399202076190817
xgb,0.7493364206005867
nb,0.6189874394082191
knn,0.6189874394082191
