Approach,apfd
lr,0.6282350932161539
dt,0.7842736757098419
xgb,0.8270309033942426
nb,0.6257519971661675
knn,0.6257519971661675
