Approach,apfd
lr,0.6283642291823658
dt,0.7938554251209023
xgb,0.8314536865808165
nb,0.6190830530387413
knn,0.6190830530387413
