Approach,apfd
random_apfd,0.48832122536216044
deepGini_apfd,0.7015141196538909
vanillasoftmax_apfd,0.7015141196538909
pcs_apfd,0.7015141196538909
entropy_apfd,0.7015141196538909
