Approach,apfd
random_apfd,0.5016480472584691
deepGini_apfd,0.7006319571619659
vanillasoftmax_apfd,0.7006319571619659
pcs_apfd,0.7006319571619659
entropy_apfd,0.7006319571619659
