Approach,apfd
lr,0.5979641044278404
dt,0.7708125227931472
xgb,0.8289715895996013
nb,0.7161423480684972
knn,0.7161423480684972
