Approach,apfd
lr,0.6216129468364479
dt,0.7779540551828462
xgb,0.8196100561998846
nb,0.61863528973652
knn,0.61863528973652
