Approach,apfd
random_apfd,0.5027058567450843
deepGini_apfd,0.7022928286337423
vanillasoftmax_apfd,0.7022928286337423
pcs_apfd,0.7022928286337423
entropy_apfd,0.7022928286337423
