Approach,apfd
random_apfd,0.5002838882652404
deepGini_apfd,0.5176635393055324
vanillasoftmax_apfd,0.5176635393055324
pcs_apfd,0.5176635393055324
entropy_apfd,0.5176635393055324
