Approach,apfd
random_apfd,0.49824613481859903
deepGini_apfd,0.705125446111295
vanillasoftmax_apfd,0.705125446111295
pcs_apfd,0.705125446111295
entropy_apfd,0.705125446111295
