Approach,apfd
random_apfd,0.49885050707144063
deepGini_apfd,0.5369518242681685
vanillasoftmax_apfd,0.5369518242681685
pcs_apfd,0.5369518242681685
entropy_apfd,0.5369518242681685
