Approach,apfd
lr,0.7131339825050294
dt,0.7407909198949634
xgb,0.8098768248531895
nb,0.7434522719685323
knn,0.7434522719685323
