Approach,apfd
lr,0.6150633182110786
dt,0.7404608373212515
xgb,0.7492427640934908
nb,0.6195184352075119
knn,0.6195184352075119
