Approach,apfd
random_apfd,0.4997524382164885
deepGini_apfd,0.6023801514371383
vanillasoftmax_apfd,0.6023801514371383
pcs_apfd,0.6023801514371383
entropy_apfd,0.6023801514371383
