Approach,apfd
random_apfd,0.5014097062694521
deepGini_apfd,0.5202435595705098
vanillasoftmax_apfd,0.5202435595705098
pcs_apfd,0.5202435595705098
entropy_apfd,0.5202435595705098
