Approach,apfd
lr,0.7231695214239587
dt,0.7828316890639546
xgb,0.8672046884740864
nb,0.7709421747407795
knn,0.7709421747407795
