Approach,apfd
random_apfd,0.4940477639655811
deepGini_apfd,0.704342252356469
vanillasoftmax_apfd,0.704342252356469
pcs_apfd,0.704342252356469
entropy_apfd,0.704342252356469
