Approach,apfd
lr,0.7433747653437893
dt,0.7910332623384676
xgb,0.8689721699169303
nb,0.7697993509997647
knn,0.7697993509997647
