Approach,apfd
lr,0.744006578985137
dt,0.7793399917332124
xgb,0.8690685440120328
nb,0.7739190385840831
knn,0.7739190385840831
