Approach,apfd
random_apfd,0.5100562594340686
deepGini_apfd,0.7087831882082593
vanillasoftmax_apfd,0.7087831882082593
pcs_apfd,0.7087831882082593
entropy_apfd,0.7087831882082593
