Approach,apfd
random_apfd,0.5003767572020332
deepGini_apfd,0.702741914185556
vanillasoftmax_apfd,0.702741914185556
pcs_apfd,0.702741914185556
entropy_apfd,0.702741914185556
