Approach,apfd
random_apfd,0.49626398021497936
deepGini_apfd,0.7052560238022837
vanillasoftmax_apfd,0.7052560238022837
pcs_apfd,0.7052560238022837
entropy_apfd,0.7052560238022837
