Approach,apfd
random_apfd,0.49750298587155695
deepGini_apfd,0.6046161487764415
vanillasoftmax_apfd,0.6046161487764415
pcs_apfd,0.6046161487764415
entropy_apfd,0.6046161487764415
