Approach,apfd
lr,0.6178459599840879
dt,0.7414053171248083
xgb,0.7497843720125925
nb,0.6192386694123251
knn,0.6192386694123251
