Approach,apfd
random_apfd,0.49486630526807096
deepGini_apfd,0.7018722360839933
vanillasoftmax_apfd,0.7018722360839933
pcs_apfd,0.7018722360839933
entropy_apfd,0.7018722360839933
