Approach,apfd
lr,0.7142151614423171
dt,0.7400368327939972
xgb,0.8093630113943943
nb,0.7426589176376533
knn,0.7426589176376533
