Approach,apfd
lr,0.7011035724105222
dt,0.7355097908009245
xgb,0.8075668314680071
nb,0.7401529908156621
knn,0.7401529908156621
