Approach,apfd
lr,0.6278303578424019
dt,0.7817942696805742
xgb,0.8297845806025492
nb,0.6266814450522603
knn,0.6266814450522603
