Approach,apfd
lr,0.47342704062003504
dt,0.7736000704909533
xgb,0.8278061416398454
nb,0.7099196424734217
knn,0.7099196424734217
