Approach,apfd
lr,0.7490668452083428
dt,0.7928928508542737
xgb,0.8725325677625302
nb,0.7860702702549189
knn,0.7860702702549189
