Approach,apfd
random_apfd,0.5067141348997227
deepGini_apfd,0.7011590787490364
vanillasoftmax_apfd,0.7011590787490364
pcs_apfd,0.7011590787490364
entropy_apfd,0.7011590787490364
