Approach,apfd
lr,0.720447020479274
dt,0.7409324421977208
xgb,0.8097156190768464
nb,0.7521865078140374
knn,0.7521865078140374
