Approach,apfd
random_apfd,0.5021849515040074
deepGini_apfd,0.7058634181603808
vanillasoftmax_apfd,0.7058634181603808
pcs_apfd,0.7058634181603808
entropy_apfd,0.7058634181603808
