Approach,apfd
lr,0.7504547809588326
dt,0.7823445241143343
xgb,0.8699247521398924
nb,0.7730038434821547
knn,0.7730038434821547
