Approach,apfd
random_apfd,0.49569921312305815
deepGini_apfd,0.6995444122095441
vanillasoftmax_apfd,0.6995444122095441
pcs_apfd,0.6995444122095441
entropy_apfd,0.6995444122095441
