Approach,apfd
lr,0.7691866382483401
dt,0.7896391537600501
xgb,0.8721416424044843
nb,0.7754599310238521
knn,0.7754599310238521
