Approach,apfd
lr,0.7132718412036188
dt,0.738866336841257
xgb,0.8106182585124765
nb,0.7461170480261106
knn,0.7461170480261106
