Approach,apfd
lr,0.5956218961027449
dt,0.7706983857397446
xgb,0.8292794571163027
nb,0.7128267801825379
knn,0.7128267801825379
