Approach,apfd
random_apfd,0.5009194879152248
deepGini_apfd,0.5204340751360085
vanillasoftmax_apfd,0.5204340751360085
pcs_apfd,0.5204340751360085
entropy_apfd,0.5204340751360085
