Approach,apfd
random_apfd,0.5059934219307309
deepGini_apfd,0.7377180908920158
vanillasoftmax_apfd,0.7377180908920158
pcs_apfd,0.7377180908920158
entropy_apfd,0.7377180908920158
