Approach,apfd
random_apfd,0.5073154614175693
deepGini_apfd,0.70245441648118
vanillasoftmax_apfd,0.70245441648118
pcs_apfd,0.70245441648118
entropy_apfd,0.70245441648118
