Approach,apfd
random_apfd,0.5077837491559345
deepGini_apfd,0.7049067982498871
vanillasoftmax_apfd,0.7049067982498871
pcs_apfd,0.7049067982498871
entropy_apfd,0.7049067982498871
