Approach,apfd
lr,0.597325197327053
dt,0.767812089858033
xgb,0.8277931420755285
nb,0.7161645717203189
knn,0.7161645717203189
