Approach,apfd
random_apfd,0.49911653463087857
deepGini_apfd,0.6029311714280371
vanillasoftmax_apfd,0.6029311714280371
pcs_apfd,0.6029311714280371
entropy_apfd,0.6029311714280371
