Approach,apfd
random_apfd,0.4967548510373015
deepGini_apfd,0.7062580547766748
vanillasoftmax_apfd,0.7062580547766748
pcs_apfd,0.7062580547766748
entropy_apfd,0.7062580547766748
