Approach,apfd
lr,0.7467275989988765
dt,0.7863093339540069
xgb,0.8710102324939872
nb,0.7748123970931787
knn,0.7748123970931787
