Approach,apfd
random_apfd,0.49048947679198807
deepGini_apfd,0.5374011553149407
vanillasoftmax_apfd,0.5374011553149407
pcs_apfd,0.5374011553149407
entropy_apfd,0.5374011553149407
