Approach,apfd
random_apfd,0.49487292135096517
deepGini_apfd,0.5190587836596989
vanillasoftmax_apfd,0.5190587836596989
pcs_apfd,0.5190587836596989
entropy_apfd,0.5190587836596989
