Approach,apfd
random_apfd,0.5046693630917622
deepGini_apfd,0.535945684925416
vanillasoftmax_apfd,0.535945684925416
pcs_apfd,0.535945684925416
entropy_apfd,0.535945684925416
