Approach,apfd
lr,0.7145737315143768
dt,0.7427386712850914
xgb,0.8107881743931385
nb,0.74427962973008
knn,0.74427962973008
