Approach,apfd
random_apfd,0.4838635622494712
deepGini_apfd,0.6997436272967849
vanillasoftmax_apfd,0.6997436272967849
pcs_apfd,0.6997436272967849
entropy_apfd,0.6997436272967849
