Approach,apfd
random_apfd,0.5016314040757942
deepGini_apfd,0.6027493010443389
vanillasoftmax_apfd,0.6027493010443389
pcs_apfd,0.6027493010443389
entropy_apfd,0.6027493010443389
