Approach,apfd
random_apfd,0.4952393113327834
deepGini_apfd,0.7023134576552668
vanillasoftmax_apfd,0.7023134576552668
pcs_apfd,0.7023134576552668
entropy_apfd,0.7023134576552668
