Approach,apfd
lr,0.714627295414429
dt,0.7391677713808054
xgb,0.8106387985540453
nb,0.7477031865244339
knn,0.7477031865244339
