Approach,apfd
random_apfd,0.5113668296188555
deepGini_apfd,0.7006920626792151
vanillasoftmax_apfd,0.7006920626792151
pcs_apfd,0.7006920626792151
entropy_apfd,0.7006920626792151
