Approach,apfd
lr,0.59604080558879
dt,0.7747731028208529
xgb,0.8302695884330225
nb,0.7107477467289167
knn,0.7107477467289167
