Approach,apfd
lr,0.7718712047542639
dt,0.7881994286397698
xgb,0.8728070865469084
nb,0.7822842556299556
knn,0.7822842556299556
