Approach,apfd
lr,0.7140350107583795
dt,0.7859714974858761
xgb,0.8704747206848543
nb,0.776873331588213
knn,0.776873331588213
