Approach,apfd
random_apfd,0.5020882196787332
deepGini_apfd,0.5198745202468634
vanillasoftmax_apfd,0.5198745202468634
pcs_apfd,0.5198745202468634
entropy_apfd,0.5198745202468634
