Approach,apfd
random_apfd,0.5004881890911307
deepGini_apfd,0.5195597315542942
vanillasoftmax_apfd,0.5195597315542942
pcs_apfd,0.5195597315542942
entropy_apfd,0.5195597315542942
