Approach,apfd
random_apfd,0.5002641782097597
deepGini_apfd,0.5365282995358033
vanillasoftmax_apfd,0.5365282995358033
pcs_apfd,0.5365282995358033
entropy_apfd,0.5365282995358033
