Approach,apfd
random_apfd,0.4988510720012779
deepGini_apfd,0.5363375675656665
vanillasoftmax_apfd,0.5363375675656665
pcs_apfd,0.5363375675656665
entropy_apfd,0.5363375675656665
