Approach,apfd
lr,0.6152523745832531
dt,0.7364500060506619
xgb,0.749752625293521
nb,0.6190309360036167
knn,0.6190309360036167
