Approach,apfd
lr,0.6136667777223052
dt,0.7353339342078095
xgb,0.748495425338524
nb,0.615265350824974
knn,0.615265350824974
