Approach,apfd
lr,0.7479309811479082
dt,0.7810880842832864
xgb,0.8683861052047703
nb,0.7694006051727694
knn,0.7694006051727694
