Approach,apfd
lr,0.5980914285452288
dt,0.7741992519607708
xgb,0.8288541771922427
nb,0.7156114361774286
knn,0.7156114361774286
