Approach,apfd
random_apfd,0.5057212816487086
deepGini_apfd,0.7060095704220962
vanillasoftmax_apfd,0.7060095704220962
pcs_apfd,0.7060095704220962
entropy_apfd,0.7060095704220962
