Approach,apfd
lr,0.7472363549263096
dt,0.773279088760436
xgb,0.8717260985752503
nb,0.774015235904732
knn,0.774015235904732
