Approach,apfd
random_apfd,0.49867916187859207
deepGini_apfd,0.5201214066990986
vanillasoftmax_apfd,0.5201214066990986
pcs_apfd,0.5201214066990986
entropy_apfd,0.5201214066990986
