Approach,apfd
lr,0.7426700630651801
dt,0.7149156368162979
xgb,0.8110141067745378
nb,0.7751809115266435
knn,0.7751809115266435
