Approach,apfd
random_apfd,0.4972784473784808
deepGini_apfd,0.5389762173661286
vanillasoftmax_apfd,0.5389762173661286
pcs_apfd,0.5389762173661286
entropy_apfd,0.5389762173661286
