Approach,apfd
random_apfd,0.5058805607822874
deepGini_apfd,0.6923633994988837
vanillasoftmax_apfd,0.6923633994988837
pcs_apfd,0.6923633994988837
entropy_apfd,0.6923633994988837
