Approach,apfd
random_apfd,0.5019216325193615
deepGini_apfd,0.602692978202923
vanillasoftmax_apfd,0.602692978202923
pcs_apfd,0.602692978202923
entropy_apfd,0.602692978202923
