Approach,apfd
random_apfd,0.5017762239194618
deepGini_apfd,0.5999918643720906
vanillasoftmax_apfd,0.5999918643720906
pcs_apfd,0.5999918643720906
entropy_apfd,0.5999918643720906
