Approach,apfd
lr,0.596764012386314
dt,0.7685996482549466
xgb,0.8292595079105651
nb,0.7177147656975971
knn,0.7177147656975971
