Approach,apfd
lr,0.7410916842654407
dt,0.7948964717829116
xgb,0.8726072525547283
nb,0.7863954967596868
knn,0.7863954967596868
