Approach,apfd
random_apfd,0.5063154664971109
deepGini_apfd,0.5367819628536761
vanillasoftmax_apfd,0.5367819628536761
pcs_apfd,0.5367819628536761
entropy_apfd,0.5367819628536761
