Approach,apfd
lr,0.6158837488962343
dt,0.7394127394174945
xgb,0.7488984162052414
nb,0.6170488962515491
knn,0.6170488962515491
