Approach,apfd
lr,0.7479645141485821
dt,0.7740992265508788
xgb,0.8714843890081864
nb,0.7818072165155486
knn,0.7818072165155486
