Approach,apfd
random_apfd,0.5000915068775857
deepGini_apfd,0.53662263176757
vanillasoftmax_apfd,0.53662263176757
pcs_apfd,0.53662263176757
entropy_apfd,0.53662263176757
