Approach,apfd
random_apfd,0.49561463604146383
deepGini_apfd,0.6979935043875789
vanillasoftmax_apfd,0.6979935043875789
pcs_apfd,0.6979935043875789
entropy_apfd,0.6979935043875789
