Approach,apfd
random_apfd,0.4979422638901958
deepGini_apfd,0.695376267238315
vanillasoftmax_apfd,0.695376267238315
pcs_apfd,0.695376267238315
entropy_apfd,0.695376267238315
