Approach,apfd
lr,0.6176455554826875
dt,0.7391258754924387
xgb,0.7485520930007638
nb,0.6201729886279552
knn,0.6201729886279552
