Approach,apfd
lr,0.6328210401908764
dt,0.7556904291015756
xgb,0.8181551315320565
nb,0.6328984047268086
knn,0.6328984047268086
