Approach,apfd
lr,0.6147628789902354
dt,0.7393639226431686
xgb,0.7494305204326374
nb,0.6197461245666104
knn,0.6197461245666104
