Approach,apfd
lr,0.7360893350925705
dt,0.7913872590991397
xgb,0.8742966326516289
nb,0.7852143017559621
knn,0.7852143017559621
