Approach,apfd
lr,0.7675958637537713
dt,0.8009055957272556
xgb,0.8723772565956643
nb,0.7818705681826137
knn,0.7818705681826137
