Approach,apfd
random_apfd,0.49471259522765243
deepGini_apfd,0.7009457236612302
vanillasoftmax_apfd,0.7009457236612302
pcs_apfd,0.7009457236612302
entropy_apfd,0.7009457236612302
