Approach,apfd
lr,0.6159295207374288
dt,0.7363471767120898
xgb,0.7495858716142263
nb,0.6186045901067055
knn,0.6186045901067055
