Approach,apfd
lr,0.7357437375791303
dt,0.780905876249642
xgb,0.8710894856662623
nb,0.7759619563418569
knn,0.7759619563418569
