Approach,apfd
lr,0.6273643125257223
dt,0.7954867774382689
xgb,0.8277488990417073
nb,0.6172125094571678
knn,0.6172125094571678
