Approach,apfd
lr,0.46417597473644145
dt,0.7785342771587048
xgb,0.8301012101875196
nb,0.7184915263377241
knn,0.7184915263377241
