Approach,apfd
lr,0.7464364665914923
dt,0.7748969468064297
xgb,0.8668735041825358
nb,0.7680697985824253
knn,0.7680697985824253
