Approach,apfd
random_apfd,0.4993419220855268
deepGini_apfd,0.7026606928601363
vanillasoftmax_apfd,0.7026606928601363
pcs_apfd,0.7026606928601363
entropy_apfd,0.7026606928601363
