Approach,apfd
random_apfd,0.493202338925653
deepGini_apfd,0.5360122390296385
vanillasoftmax_apfd,0.5360122390296385
pcs_apfd,0.5360122390296385
entropy_apfd,0.5360122390296385
