Approach,apfd
lr,0.7227905440612163
dt,0.741251650995618
xgb,0.813871447625526
nb,0.75047727921894
knn,0.75047727921894
