Approach,apfd
random_apfd,0.4964653105805921
deepGini_apfd,0.7066438997404145
vanillasoftmax_apfd,0.7066438997404145
pcs_apfd,0.7066438997404145
entropy_apfd,0.7066438997404145
