Approach,apfd
random_apfd,0.5019139267612879
deepGini_apfd,0.7031320675860412
vanillasoftmax_apfd,0.7031320675860412
pcs_apfd,0.7031320675860412
entropy_apfd,0.7031320675860412
