Approach,apfd
lr,0.6311224784451669
dt,0.7586402847191345
xgb,0.8124511811957112
nb,0.6281920114167107
knn,0.6281920114167107
