Approach,apfd
lr,0.7042049054554023
dt,0.7466136534670984
xgb,0.8119201571929582
nb,0.7404366718102913
knn,0.7404366718102913
