Approach,apfd
random_apfd,0.49942135218283745
deepGini_apfd,0.517553056677368
vanillasoftmax_apfd,0.517553056677368
pcs_apfd,0.517553056677368
entropy_apfd,0.517553056677368
