Approach,apfd
lr,0.6213120710861463
dt,0.7525538752035209
xgb,0.7866629640221275
nb,0.6262832609036301
knn,0.6262832609036301
