Approach,apfd
random_apfd,0.498748203758725
deepGini_apfd,0.5193439916186263
vanillasoftmax_apfd,0.5193439916186263
pcs_apfd,0.5193439916186263
entropy_apfd,0.5193439916186263
