Approach,apfd
lr,0.7452718232263403
dt,0.7949415558099859
xgb,0.8700921829744543
nb,0.7840569010763537
knn,0.7840569010763537
