Approach,apfd
lr,0.6161904638294642
dt,0.7941153239156843
xgb,0.8255291878001344
nb,0.6173900794431941
knn,0.6173900794431941
