Approach,apfd
lr,0.608631754592023
dt,0.7737492454020064
xgb,0.8297986543738267
nb,0.7178176599019064
knn,0.7178176599019064
