Approach,apfd
random_apfd,0.4985811029429368
deepGini_apfd,0.5996827635767171
vanillasoftmax_apfd,0.5996827635767171
pcs_apfd,0.5996827635767171
entropy_apfd,0.5996827635767171
