Approach,apfd
random_apfd,0.4991840083939513
deepGini_apfd,0.6039898977569192
vanillasoftmax_apfd,0.6039898977569192
pcs_apfd,0.6039898977569192
entropy_apfd,0.6039898977569192
