Approach,apfd
lr,0.6262411907169892
dt,0.7999140096639205
xgb,0.8302166588629075
nb,0.6223159050064172
knn,0.6223159050064172
