Approach,apfd
lr,0.7381467265190259
dt,0.7895382164259807
xgb,0.8680606089620836
nb,0.7792182254939509
knn,0.7792182254939509
