Approach,apfd
random_apfd,0.5022064678377982
deepGini_apfd,0.7483128735984756
leastConfidence_apfd,0.7485565836012298
margin_apfd,0.7485565836012298
