Approach,apfd
random_apfd,0.4979167448887586
deepGini_apfd,0.7576168635468806
leastConfidence_apfd,0.7576869178096051
margin_apfd,0.7576869178096051
