Approach,apfd
random_apfd,0.4959390085795502
deepGini_apfd,0.6948769513013571
leastConfidence_apfd,0.6942799975469724
margin_apfd,0.6942799975469724
