Approach,apfd
lr,0.7016914308146192
dt,0.7791752957927351
xgb,0.8298839208465371
lgb,0.8289427843623357
