Approach,apfd
random_apfd,0.50446060875422
deepGini_apfd,0.7366555075361658
leastConfidence_apfd,0.7366554817442494
margin_apfd,0.7366554817442494
