Approach,apfd
random_apfd,0.49407232400363266
deepGini_apfd,0.7161672332679534
leastConfidence_apfd,0.7161672332679534
margin_apfd,0.7161672332679534
