Approach,mutation_feature_apfd,mutation_model_apfd,fusion_2_feature_apfd,fusion_3_feature_apfd
lr,0.5797345227739783,0.5918065581518215,0.6242256557452861,0.7299141196246616
rf,0.584709989761125,0.5914540858238395,0.6273413192327895,0.8067591998088922
xgb,0.5839428865869087,0.5918821026746268,0.6268784317111817,0.824866724141373
lgb,0.5845056662002972,0.5917481910452633,0.6286971486881793,0.8271802332404257
