Approach,apfd
random_apfd,0.49912800410254565
deepGini_apfd,0.6876653146128736
vanillasoftmax_apfd,0.6876653146128736
pcs_apfd,0.6876653146128736
entropy_apfd,0.6876653146128736
