Approach,apfd
lr,0.687581780534303
dt,0.7795379835179678
xgb,0.8292624329557158
nb,0.7304085200425604
