Approach,apfd
random_apfd,0.49955531992693153
deepGini_apfd,0.7987740022034034
leastConfidence_apfd,0.7987740022034034
margin_apfd,0.7987740022034034
