Approach,apfd
random_apfd,0.5156765036537381
deepGini_apfd,0.6972436762225969
leastConfidence_apfd,0.6972436762225969
margin_apfd,0.6972436762225969
