Approach,apfd
lr,0.7581830192125517
dt,0.8070266595050432
xgb,0.8809337250555697
nb,0.7780433675522727
knn,0.7780433675522727
