Approach,apfd
lr,0.6078309595010453
dt,0.8367782449407524
xgb,0.8450452482271419
nb,0.5886741907065458
knn,0.5886741907065458
