Approach,apfd
lr,0.7060442214246598
dt,0.7873014507165698
xgb,0.8290661347951886
nb,0.7261893576062807
knn,0.7261893576062807
