Approach,apfd
random_apfd,0.5020303464935328
deepGini_apfd,0.5933617262440404
vanillasoftmax_apfd,0.5933617262440404
pcs_apfd,0.5933617262440404
entropy_apfd,0.5933617262440404
