Approach,apfd
lr,0.7568298825452452
dt,0.8005602628955663
xgb,0.8784343674346322
nb,0.7841289030332675
knn,0.7841289030332675
