Approach,apfd
lr,0.7215513071963302
dt,0.7857921627234337
xgb,0.8293862618173711
nb,0.737252955970595
knn,0.737252955970595
