Approach,apfd
lr,0.6077994051533867
dt,0.838200870132573
xgb,0.844954508041246
nb,0.5939846673737671
knn,0.5939846673737671
