Approach,apfd
random_apfd,0.5043751431808754
deepGini_apfd,0.769243200069346
vanillasoftmax_apfd,0.769243200069346
pcs_apfd,0.769243200069346
entropy_apfd,0.769243200069346
