Approach,apfd
random_apfd,0.5029815567366862
deepGini_apfd,0.6877696170584702
vanillasoftmax_apfd,0.6877696170584702
pcs_apfd,0.6877696170584702
entropy_apfd,0.6877696170584702
