Approach,apfd
random_apfd,0.496937020330239
deepGini_apfd,0.5933617262440404
vanillasoftmax_apfd,0.5933617262440404
pcs_apfd,0.5933617262440404
entropy_apfd,0.5933617262440404
