Approach,apfd
random_apfd,0.4959601328115032
deepGini_apfd,0.6807335016720125
vanillasoftmax_apfd,0.6807335016720125
pcs_apfd,0.6807335016720125
entropy_apfd,0.6807335016720125
