Approach,apfd
random_apfd,0.5040290823947244
deepGini_apfd,0.6886710976934224
vanillasoftmax_apfd,0.6886710976934224
pcs_apfd,0.6886710976934224
entropy_apfd,0.6886710976934224
