Approach,apfd
lr,0.6913964816793905
dt,0.784225343062174
xgb,0.8284486739400796
nb,0.7264028829112789
