Approach,apfd
lr,0.6995762375415036
dt,0.785934715846881
xgb,0.8291122933721837
nb,0.7301560920897634
