Approach,apfd
random_apfd,0.49719365753092404
deepGini_apfd,0.7608650375939849
leastConfidence_apfd,0.7639055986741047
margin_apfd,0.7667484719864176
