Approach,apfd
lr,0.6491903935742267
dt,0.7754764158845684
xgb,0.8200980745998665
nb,0.7263751089202566
knn,0.7263751089202566
