Approach,apfd
random_apfd,0.5046227694006041
deepGini_apfd,0.5191113540693655
vanillasoftmax_apfd,0.5191113540693655
pcs_apfd,0.5191113540693655
entropy_apfd,0.519111808984266
