Approach,apfd
lr,0.6456998409183714
dt,0.7789216016394515
xgb,0.8193262256001073
nb,0.7200204443429397
knn,0.7200204443429397
