Approach,apfd
lr,0.617603014830083
dt,0.7399844587578526
xgb,0.7492749058946954
nb,0.6231233587223245
knn,0.6231233587223245
