Approach,apfd
lr,0.619417147250016
dt,0.7410869943057566
xgb,0.7492741677539364
nb,0.6235183083837855
knn,0.6235183083837855
