Approach,apfd
lr,0.6157982451970585
dt,0.7409458351125934
xgb,0.7491490280416696
nb,0.6213999493619425
knn,0.6213999493619425
