Approach,apfd
lr,0.5745982353427882
dt,0.7783936766701554
xgb,0.8196629182522652
nb,0.7238506461270126
knn,0.7238506461270126
