Approach,apfd
lr,0.6191786373773002
dt,0.7405666019715439
xgb,0.7481302924644775
nb,0.6223184043295947
knn,0.6223184043295947
