Approach,apfd
lr,0.6176786247374212
dt,0.7403748683791205
xgb,0.7485381897703457
nb,0.6206342697094543
knn,0.6206342697094543
