Approach,apfd
lr,0.6179269303056899
dt,0.7398881553691329
xgb,0.7485040719805929
nb,0.6243013164499734
knn,0.6243013164499734
