Approach,apfd
lr,0.7737881067048391
dt,0.7994826480293087
xgb,0.8774156360316864
nb,0.7653098956121942
knn,0.7653098956121942
