Approach,apfd
random_apfd,0.49163224177464493
deepGini_apfd,0.5164673397661201
vanillasoftmax_apfd,0.5164673397661201
pcs_apfd,0.5164673397661201
entropy_apfd,0.5176634363088257
