Approach,apfd
lr,0.7795509686654617
dt,0.8009911079300766
xgb,0.8777644041221356
nb,0.7632208505695535
knn,0.7632208505695535
