Approach,apfd
random_apfd,0.49895934324698715
deepGini_apfd,0.5178995578759231
vanillasoftmax_apfd,0.5178995578759231
pcs_apfd,0.5178995578759231
entropy_apfd,0.5179018716687074
