Approach,apfd
lr,0.617018044596929
dt,0.740094407124244
xgb,0.7491345785915329
nb,0.6209119054081372
knn,0.6209119054081372
