Approach,apfd
random_apfd,0.5040320624021933
deepGini_apfd,0.5194552318246334
vanillasoftmax_apfd,0.5194552318246334
pcs_apfd,0.5194552318246334
entropy_apfd,0.5194576959470115
