Approach,apfd
random_apfd,0.5023909680455731
deepGini_apfd,0.5134709455311952
vanillasoftmax_apfd,0.5134709455311952
pcs_apfd,0.5134709455311952
entropy_apfd,0.5143903990506431
