Approach,apfd
lr,0.6473586315018944
dt,0.7764993282968844
xgb,0.818213615613802
nb,0.723342454535001
knn,0.723342454535001
