Approach,apfd
random_apfd,0.4984057994625945
deepGini_apfd,0.5217867632460745
vanillasoftmax_apfd,0.5217867632460745
pcs_apfd,0.5217867632460745
entropy_apfd,0.5217878241141373
