Approach,apfd
random_apfd,0.5036188926075843
deepGini_apfd,0.5179483002271517
vanillasoftmax_apfd,0.5179483002271517
pcs_apfd,0.5179483002271517
entropy_apfd,0.5186061262345907
