Approach,apfd
random_apfd,0.4962585776501923
deepGini_apfd,0.502341834026835
vanillasoftmax_apfd,0.502341834026835
pcs_apfd,0.502341834026835
entropy_apfd,0.5024138979755669
