Approach,apfd
random_apfd,0.4956419152523868
deepGini_apfd,0.5204174905680977
vanillasoftmax_apfd,0.5204174905680977
pcs_apfd,0.5204174905680977
entropy_apfd,0.5204183245787489
