Approach,apfd
lr,0.781361037145318
dt,0.7983817539698908
xgb,0.8787605161161186
nb,0.7659357068771002
knn,0.7659357068771002
