Approach,apfd
random_apfd,0.50400968350366
deepGini_apfd,0.5184207430405945
vanillasoftmax_apfd,0.5184207430405945
pcs_apfd,0.5184207430405945
entropy_apfd,0.5172575698299586
