Approach,apfd
lr,0.7789605649436513
dt,0.8107698828139217
xgb,0.8795619245326508
nb,0.765381165613286
knn,0.765381165613286
