Approach,apfd
lr,0.6465658047868375
dt,0.7796797249687284
xgb,0.8202949267359444
nb,0.7238277717102595
knn,0.7238277717102595
