Approach,apfd
random_apfd,0.49910290781604455
deepGini_apfd,0.522640545958536
vanillasoftmax_apfd,0.522640545958536
pcs_apfd,0.522640545958536
entropy_apfd,0.5226434270862398
