Approach,apfd
lr,0.6162043948167051
dt,0.7407306798854109
xgb,0.749204830797905
nb,0.6227395920591552
knn,0.6227395920591552
