Approach,apfd
lr,0.7759567997646574
dt,0.8052303840694868
xgb,0.8807122147683574
nb,0.7664075294481579
knn,0.7664075294481579
