Approach,apfd
random_apfd,0.5000805129759891
deepGini_apfd,0.514082297019729
vanillasoftmax_apfd,0.514082297019729
pcs_apfd,0.514082297019729
entropy_apfd,0.5138926027108526
