Approach,apfd
random_apfd,0.4983782587673645
deepGini_apfd,0.5020239932230348
vanillasoftmax_apfd,0.5020239932230348
pcs_apfd,0.5020239932230348
entropy_apfd,0.5019677015539857
