Approach,apfd
random_apfd,0.5072037669986534
deepGini_apfd,0.5209128928948358
vanillasoftmax_apfd,0.5209128928948358
pcs_apfd,0.5209128928948358
entropy_apfd,0.520913688995912
