Approach,apfd
random_apfd,0.49090985254691694
deepGini_apfd,0.5194503035798771
vanillasoftmax_apfd,0.5194503035798771
pcs_apfd,0.5194503035798771
entropy_apfd,0.5194506068564774
