Approach,apfd
random_apfd,0.5016155793890092
deepGini_apfd,0.5038112205267321
vanillasoftmax_apfd,0.5038112205267321
pcs_apfd,0.5038112205267321
entropy_apfd,0.503285271433004
