Approach,apfd
lr,0.615251018389792
dt,0.741637764193589
xgb,0.7491749255012697
nb,0.6230965531977376
knn,0.6230965531977376
