Approach,apfd
random_apfd,0.49160626796685125
deepGini_apfd,0.5149048014311735
vanillasoftmax_apfd,0.5149048014311735
pcs_apfd,0.5149048014311735
entropy_apfd,0.5138456183007739
