Approach,apfd
lr,0.7788135667153702
dt,0.8076361420501873
xgb,0.8790215425487528
nb,0.7651663996322208
knn,0.7651663996322208
