Approach,apfd
random_apfd,0.5064320550623336
deepGini_apfd,0.5015748670771726
vanillasoftmax_apfd,0.5015748670771726
pcs_apfd,0.5015748670771726
entropy_apfd,0.5024454507126342
