Approach,apfd
lr,0.5793873510939649
dt,0.776257459021767
xgb,0.8189004059033922
nb,0.7212389088141262
knn,0.7212389088141262
