Approach,apfd
random_apfd,0.49869743852194504
deepGini_apfd,0.5015701535459746
vanillasoftmax_apfd,0.5015701535459746
pcs_apfd,0.5015701535459746
entropy_apfd,0.5017205357556068
