Approach,apfd
lr,0.6453652519645832
dt,0.7773830559811934
xgb,0.8189014661898315
nb,0.7191475005146699
knn,0.7191475005146699
