Approach,apfd
lr,0.6169750277266784
dt,0.7406451981252148
xgb,0.7487363361852278
nb,0.6218807321041194
knn,0.6218807321041194
