Approach,apfd
random_apfd,0.4928945738183518
deepGini_apfd,0.5152494916773231
vanillasoftmax_apfd,0.5152494916773231
pcs_apfd,0.5152494916773231
entropy_apfd,0.5154934435551415
