Approach,apfd
lr,0.6775234542862885
dt,0.7814578352385885
xgb,0.8192647543415361
nb,0.7236474783792781
knn,0.7236474783792781
