Approach,apfd
lr,0.7768191667778681
dt,0.8051833003772761
xgb,0.8787585827277911
nb,0.762857904298036
knn,0.762857904298036
