Approach,apfd
lr,0.7759942038715623
dt,0.8014392380239362
xgb,0.8777867299045068
nb,0.7674939606296707
knn,0.7674939606296707
