Approach,apfd
lr,0.6484010525339972
dt,0.7781427920291673
xgb,0.8181587988494581
nb,0.7244687739778181
knn,0.7244687739778181
