Approach,apfd
random_apfd,0.49811454110857034
deepGini_apfd,0.5020429827283333
vanillasoftmax_apfd,0.5020429827283333
pcs_apfd,0.5020429827283333
entropy_apfd,0.5020876173475549
