Approach,apfd
random_apfd,0.4985568770759421
deepGini_apfd,0.5015590466960776
vanillasoftmax_apfd,0.5015590466960776
pcs_apfd,0.5015590466960776
entropy_apfd,0.5017354864717808
