Approach,apfd
lr,0.7767869057295016
dt,0.8021539083255492
xgb,0.8787129775090073
nb,0.7651689478121627
knn,0.7651689478121627
