Approach,apfd
lr,0.672402545600491
dt,0.778748444522783
xgb,0.8179897236042203
nb,0.7232825519638386
knn,0.7232825519638386
