Approach,apfd
lr,0.7753238614996422
dt,0.8042464789586695
xgb,0.8788064625210777
nb,0.7648224542962164
knn,0.7648224542962164
