Approach,apfd
random_apfd,0.4946154909012088
deepGini_apfd,0.5030368536786426
vanillasoftmax_apfd,0.5030368536786426
pcs_apfd,0.5030368536786426
entropy_apfd,0.502502183999047
