Approach,apfd
lr,0.6728278915877761
dt,0.7749875662148027
xgb,0.8243660704585252
nb,0.7195033395414947
knn,0.7195033395414947
