Approach,apfd
lr,0.7562392139599396
dt,0.8038970315597053
xgb,0.8750167655689002
nb,0.7754472534984536
knn,0.7754472534984536
