Approach,apfd
lr,0.6067352588658901
dt,0.8355577991240646
xgb,0.8445502035844321
nb,0.5926316833410449
knn,0.5926316833410449
