Approach,apfd
lr,0.604717771651817
dt,0.8364261917678666
xgb,0.8448659363281329
nb,0.5908895535014896
knn,0.5908895535014896
