Approach,apfd
lr,0.6877584475687253
dt,0.7783920416487127
xgb,0.8262371348770038
nb,0.7226463006849275
knn,0.7226463006849275
