Approach,apfd
lr,0.6081050216210214
dt,0.8373692002347386
xgb,0.8443903280954004
nb,0.589138310188717
knn,0.589138310188717
