Approach,apfd
lr,0.7566781166219839
dt,0.8021554731294175
xgb,0.875898009078723
nb,0.7694415290640995
knn,0.7694415290640995
