Approach,apfd
random_apfd,0.5012374778442411
deepGini_apfd,0.5940747350692351
vanillasoftmax_apfd,0.5940747350692351
pcs_apfd,0.5940747350692351
entropy_apfd,0.5940747350692351
