Approach,apfd
lr,0.7632731012390822
dt,0.7997127180684761
xgb,0.8760664518309687
nb,0.7806257057698365
knn,0.7806257057698365
