Approach,apfd
lr,0.7646606956116996
dt,0.8079773450023963
xgb,0.8765653445063182
nb,0.7832511066062595
knn,0.7832511066062595
