Approach,apfd
random_apfd,0.5018675534080522
deepGini_apfd,0.7658041167026434
vanillasoftmax_apfd,0.7658041167026434
pcs_apfd,0.7658041167026434
entropy_apfd,0.7658041167026434
