Approach,apfd
lr,0.6779493996330443
dt,0.7763941725369263
xgb,0.8250392505665822
nb,0.7205318409517424
knn,0.7205318409517424
