Approach,apfd
random_apfd,0.5026830668162546
deepGini_apfd,0.7672780867018626
vanillasoftmax_apfd,0.7672780867018626
pcs_apfd,0.7672780867018626
entropy_apfd,0.7672780867018626
