Approach,apfd
random_apfd,0.4992158524217498
deepGini_apfd,0.6814312168047801
vanillasoftmax_apfd,0.6814312168047801
pcs_apfd,0.6814312168047801
entropy_apfd,0.6814312168047801
