Approach,apfd
random_apfd,0.5067736794978035
deepGini_apfd,0.5926613060173275
vanillasoftmax_apfd,0.5926613060173275
pcs_apfd,0.5926613060173275
entropy_apfd,0.5926613060173275
