Approach,apfd
random_apfd,0.5053227876811577
deepGini_apfd,0.6815491150691559
vanillasoftmax_apfd,0.6815491150691559
pcs_apfd,0.6815491150691559
entropy_apfd,0.6815491150691559
