Approach,apfd
random_apfd,0.4960722718133073
deepGini_apfd,0.7669850947477456
vanillasoftmax_apfd,0.7669850947477456
pcs_apfd,0.7669850947477456
entropy_apfd,0.7669850947477456
