Approach,apfd
random_apfd,0.4962424782396443
deepGini_apfd,0.6818118335079947
vanillasoftmax_apfd,0.6818118335079947
pcs_apfd,0.6818118335079947
entropy_apfd,0.6818118335079947
