Approach,apfd
lr,0.6097183193288273
dt,0.8366833963867564
xgb,0.8448875496874747
nb,0.5928929389305363
knn,0.5928929389305363
