Approach,apfd
lr,0.7568364802867055
dt,0.8030508624614295
xgb,0.874978980712073
nb,0.7775421458757743
knn,0.7775421458757743
