Approach,apfd
random_apfd,0.5068764170236935
deepGini_apfd,0.6810066990499222
vanillasoftmax_apfd,0.6810066990499222
pcs_apfd,0.6810066990499222
entropy_apfd,0.6810066990499222
