Approach,apfd
random_apfd,0.5031772346916471
deepGini_apfd,0.593036146864594
vanillasoftmax_apfd,0.593036146864594
pcs_apfd,0.593036146864594
entropy_apfd,0.593036146864594
