Approach,apfd
lr,0.6633527400745358
dt,0.7740952991410808
xgb,0.8258550992518594
nb,0.7145629551365844
knn,0.7145629551365844
