Approach,apfd
lr,0.6048663059039707
dt,0.8350226984893806
xgb,0.844176466384669
nb,0.590628793134505
knn,0.590628793134505
