Approach,apfd
random_apfd,0.5005524180052605
deepGini_apfd,0.5918384901681805
vanillasoftmax_apfd,0.5918384901681805
pcs_apfd,0.5918384901681805
entropy_apfd,0.5918384901681805
