Approach,apfd
random_apfd,0.5029363845270012
deepGini_apfd,0.7649559555725777
vanillasoftmax_apfd,0.7649559555725777
pcs_apfd,0.7649559555725777
entropy_apfd,0.7649559555725777
