Approach,apfd
random_apfd,0.4979950165677476
deepGini_apfd,0.5925079378319122
vanillasoftmax_apfd,0.5925079378319122
pcs_apfd,0.5925079378319122
entropy_apfd,0.5925079378319122
