Approach,apfd
random_apfd,0.5014276598741738
deepGini_apfd,0.7666374289375815
vanillasoftmax_apfd,0.7666374289375815
pcs_apfd,0.7666374289375815
entropy_apfd,0.7666374289375815
