Approach,apfd
lr,0.7710928213610514
dt,0.7998982049587937
xgb,0.8748792840892272
nb,0.7817582790248429
knn,0.7817582790248429
