Approach,apfd
random_apfd,0.5003290015232962
deepGini_apfd,0.6821638846138949
vanillasoftmax_apfd,0.6821638846138949
pcs_apfd,0.6821638846138949
entropy_apfd,0.6821638846138949
