Approach,apfd
random_apfd,0.4921987660481757
deepGini_apfd,0.6809560554711385
vanillasoftmax_apfd,0.6809560554711385
pcs_apfd,0.6809560554711385
entropy_apfd,0.6809560554711385
