Approach,apfd
random_apfd,0.5013899228414689
deepGini_apfd,0.6814085004692494
vanillasoftmax_apfd,0.6814085004692494
pcs_apfd,0.6814085004692494
entropy_apfd,0.6814085004692494
