Approach,apfd
random_apfd,0.49228717073490796
deepGini_apfd,0.7645882383907495
vanillasoftmax_apfd,0.7645882383907495
pcs_apfd,0.7645882383907495
entropy_apfd,0.7645882383907495
