Approach,apfd
random_apfd,0.496859953623894
deepGini_apfd,0.6808932545436164
vanillasoftmax_apfd,0.6808932545436164
pcs_apfd,0.6808932545436164
entropy_apfd,0.6808932545436164
