Approach,apfd
random_apfd,0.4952366341176824
deepGini_apfd,0.5924845510255717
vanillasoftmax_apfd,0.5924845510255717
pcs_apfd,0.5924845510255717
entropy_apfd,0.5924845510255717
