Approach,apfd
random_apfd,0.49061553716703965
deepGini_apfd,0.5928974003960263
vanillasoftmax_apfd,0.5928974003960263
pcs_apfd,0.5928974003960263
entropy_apfd,0.5928974003960263
