Approach,apfd
lr,0.6827980424195765
dt,0.7741552357971252
xgb,0.8250760884249368
nb,0.716162591577683
knn,0.716162591577683
