Approach,apfd
random_apfd,0.4940367789660965
deepGini_apfd,0.7679126656911229
vanillasoftmax_apfd,0.7679126656911229
pcs_apfd,0.7679126656911229
entropy_apfd,0.7679126656911229
