Approach,apfd
lr,0.6754638301337859
dt,0.775443332822539
xgb,0.8265217654654203
nb,0.7183508474049913
knn,0.7183508474049913
