Approach,apfd
lr,0.757397711692191
dt,0.796031115722208
xgb,0.8752164129543257
nb,0.7806949468703711
knn,0.7806949468703711
