Approach,apfd
lr,0.6874499926380471
dt,0.7761868848951268
xgb,0.8237912831878151
nb,0.7159462193093786
knn,0.7159462193093786
