Approach,apfd
random_apfd,0.4987649400892996
deepGini_apfd,0.6820029217167463
vanillasoftmax_apfd,0.6820029217167463
pcs_apfd,0.6820029217167463
entropy_apfd,0.6820029217167463
