Approach,apfd
random_apfd,0.49761998438142185
deepGini_apfd,0.5940637628305326
vanillasoftmax_apfd,0.5940637628305326
pcs_apfd,0.5940637628305326
entropy_apfd,0.5940637628305326
