Approach,apfd
lr,0.7572440702370071
dt,0.803606616511933
xgb,0.8753519339938433
nb,0.7793409778033206
knn,0.7793409778033206
