Approach,apfd
lr,0.6070562038192524
dt,0.8367608828965595
xgb,0.8442474065878458
nb,0.5886275821550945
knn,0.5886275821550945
