Approach,apfd
random_apfd,0.5051672064472752
deepGini_apfd,0.6820281374977948
vanillasoftmax_apfd,0.6820281374977948
pcs_apfd,0.6820281374977948
entropy_apfd,0.6820281374977948
