Approach,apfd
lr,0.6620261955927658
dt,0.7763871234512165
xgb,0.827176469739429
nb,0.7126951602885988
knn,0.7126951602885988
