Approach,apfd
lr,0.6052737963912797
dt,0.836052293197444
xgb,0.8446739118716396
nb,0.5879002001599442
knn,0.5879002001599442
