Approach,apfd
lr,0.7531249329758714
dt,0.7986383378016086
xgb,0.876330563002681
nb,0.7722076981999234
knn,0.7722076981999234
