Approach,apfd
random_apfd,0.49923441937387086
deepGini_apfd,0.765938826917257
vanillasoftmax_apfd,0.765938826917257
pcs_apfd,0.765938826917257
entropy_apfd,0.765938826917257
