Approach,apfd
random_apfd,0.5003862200638497
deepGini_apfd,0.5927759438606138
vanillasoftmax_apfd,0.5927759438606138
pcs_apfd,0.5927759438606138
entropy_apfd,0.5927759438606138
