Approach,apfd
lr,0.6689584034162568
dt,0.777498527089818
xgb,0.8241133854768038
nb,0.7206909811121653
knn,0.7206909811121653
