Approach,apfd
lr,0.7057281689429695
dt,0.7785511113503527
xgb,0.8257617382046873
nb,0.7199467676329464
knn,0.7199467676329464
