Approach,apfd
random_apfd,0.4904773428554348
deepGini_apfd,0.7665652874028361
vanillasoftmax_apfd,0.7665652874028361
pcs_apfd,0.7665652874028361
entropy_apfd,0.7665652874028361
