Approach,apfd
lr,0.6087863429624493
dt,0.835682435487732
xgb,0.8445049326456843
nb,0.595888449321122
knn,0.595888449321122
