Approach,apfd
lr,0.6061777826284741
dt,0.834913209976462
xgb,0.8450785827828946
nb,0.5934706907916933
knn,0.5934706907916933
