Approach,apfd
lr,0.7590297626872015
dt,0.7963172648652945
xgb,0.8744416821298541
nb,0.7772016318120818
knn,0.7772016318120818
