Approach,apfd
random_apfd,0.49670842719634845
deepGini_apfd,0.5923555232353576
vanillasoftmax_apfd,0.5923555232353576
pcs_apfd,0.5923555232353576
entropy_apfd,0.5923555232353576
