Approach,apfd
lr,0.6049026181136746
dt,0.83678587407552
xgb,0.8443346706088122
nb,0.5989956625968725
knn,0.5989956625968725
