Approach,apfd
lr,0.7694006215584508
dt,0.8195712842177609
xgb,0.8769303017244906
nb,0.7842349771858866
knn,0.7842349771858866
