Approach,apfd
lr,0.6867547542893246
dt,0.7890888844590573
xgb,0.8303731067555231
nb,0.7461644867979413
knn,0.7461644867979413
