Approach,apfd
lr,0.6724734993654731
dt,0.7866429972872335
xgb,0.8301266370613535
nb,0.7385264174875733
knn,0.7385264174875733
