Approach,apfd
random_apfd,0.49730306199944363
deepGini_apfd,0.6145235774156793
vanillasoftmax_apfd,0.6145235774156793
pcs_apfd,0.6145235774156793
entropy_apfd,0.6145235774156793
