Approach,apfd
lr,0.7707055124788973
dt,0.8167775098933887
xgb,0.8773334351536441
nb,0.7817635050551057
knn,0.7817635050551057
