Approach,apfd
random_apfd,0.5050165633393974
deepGini_apfd,0.7096251260860242
vanillasoftmax_apfd,0.7096251260860242
pcs_apfd,0.709630634171734
entropy_apfd,0.7096320968998894
