Approach,apfd
lr,0.6079076298374645
dt,0.8322115523437322
xgb,0.8385985377249539
nb,0.6044704596266379
knn,0.6044704596266379
