Approach,apfd
lr,0.6079510143148813
dt,0.8324622273603054
xgb,0.8386505661684593
nb,0.5947800797002486
knn,0.5947800797002486
