Approach,apfd
lr,0.5388430572623074
dt,0.5441387497106688
xgb,0.554520171580125
nb,0.5355627549763952
knn,0.5355627549763952
