Approach,apfd
random_apfd,0.5015246059746871
deepGini_apfd,0.49839871710487044
vanillasoftmax_apfd,0.49839871710487044
pcs_apfd,0.49823321494770817
entropy_apfd,0.4962251564102152
