Approach,apfd
lr,0.6182175019328605
dt,0.7506624855923973
xgb,0.7595394551062226
nb,0.6139915668264122
knn,0.6139915668264122
