Approach,apfd
random_apfd,0.4996711624354647
deepGini_apfd,0.5015746880151705
vanillasoftmax_apfd,0.5015746880151705
pcs_apfd,0.5014911333102866
entropy_apfd,0.5005873314743795
