Approach,apfd
lr,0.538410852753145
dt,0.5461399979377192
xgb,0.555868689420499
nb,0.5405600845535162
knn,0.5405600845535162
