Approach,apfd
lr,0.5391099576354011
dt,0.5455088021250198
xgb,0.5550700126949769
nb,0.5387453782671049
knn,0.5387453782671049
