Approach,apfd
lr,0.6144467988389347
dt,0.7514565855601968
xgb,0.7593199748400946
nb,0.61307960671613
knn,0.61307960671613
