Approach,apfd
lr,0.618009275499495
dt,0.7505131529846457
xgb,0.7598235347520766
nb,0.6134822378471908
knn,0.6134822378471908
