Approach,apfd
random_apfd,0.4977144969168059
deepGini_apfd,0.4989786674474128
vanillasoftmax_apfd,0.4989786674474128
pcs_apfd,0.4989786674474128
entropy_apfd,0.4988103248861975
