Approach,apfd
random_apfd,0.49794525980289983
deepGini_apfd,0.4989120924363213
vanillasoftmax_apfd,0.4989120924363213
pcs_apfd,0.4989120924363213
entropy_apfd,0.4987500508442869
