Approach,apfd
lr,0.6133223489121967
dt,0.751206259694361
xgb,0.758997445837501
nb,0.6136510858140081
knn,0.6136510858140081
