Approach,apfd
lr,0.6131041747912042
dt,0.7500725350993804
xgb,0.7586186114122037
nb,0.6128284504518152
knn,0.6128284504518152
