Approach,apfd
lr,0.5400279468244317
dt,0.5466744134641278
xgb,0.5558146653453604
nb,0.5384692981859257
knn,0.5384692981859257
