Approach,apfd
lr,0.6505098844691599
dt,0.7772972176938313
xgb,0.8214732194039467
nb,0.7380707847610619
knn,0.7380707847610619
