Approach,apfd
lr,0.5374628785488879
dt,0.5458282296690051
xgb,0.5544973087590184
nb,0.5368625694517946
knn,0.5368625694517946
