Approach,apfd
lr,0.6180921451934477
dt,0.7509580097010694
xgb,0.7597758006486225
nb,0.6142367987690472
knn,0.6142367987690472
