Approach,apfd
random_apfd,0.4993750740278025
deepGini_apfd,0.49812803900222363
vanillasoftmax_apfd,0.49812803900222363
pcs_apfd,0.49791369053443185
entropy_apfd,0.4959529347968265
