Approach,apfd
random_apfd,0.5002004345509127
deepGini_apfd,0.4986298220851448
vanillasoftmax_apfd,0.4986298220851448
pcs_apfd,0.49831977762186247
entropy_apfd,0.4963736294260101
