Approach,apfd
lr,0.6163106663752883
dt,0.7521080650703736
xgb,0.7596227103769675
nb,0.6134656032905389
knn,0.6134656032905389
