Approach,apfd
random_apfd,0.5049954281399611
deepGini_apfd,0.49911768294890846
vanillasoftmax_apfd,0.49911768294890846
pcs_apfd,0.49911768294890846
entropy_apfd,0.4982256193271002
