Approach,apfd
random_apfd,0.4984349251800452
deepGini_apfd,0.5009356720770276
vanillasoftmax_apfd,0.5009356720770276
pcs_apfd,0.5008128982873196
entropy_apfd,0.49994143995086837
