Approach,apfd
lr,0.6503422110063781
dt,0.7790300930400773
xgb,0.8218316407675043
nb,0.7367641736810535
knn,0.7367641736810535
