Approach,apfd
lr,0.6176407637398035
dt,0.7509075438139984
xgb,0.7593995238765178
nb,0.612466929144642
knn,0.612466929144642
