Approach,apfd
random_apfd,0.5060827050793537
deepGini_apfd,0.4991451732660782
vanillasoftmax_apfd,0.4991451732660782
pcs_apfd,0.4991451732660782
entropy_apfd,0.4985178053170114
