Approach,apfd
random_apfd,0.5020085507713332
deepGini_apfd,0.4990207414596888
vanillasoftmax_apfd,0.4990207414596888
pcs_apfd,0.4990207414596888
entropy_apfd,0.49854044132744024
