Approach,apfd
random_apfd,0.5039688011961857
deepGini_apfd,0.5024795016121414
vanillasoftmax_apfd,0.5024795016121414
pcs_apfd,0.5023263607644354
entropy_apfd,0.5013309452543457
