Approach,apfd
random_apfd,0.5033145497721037
deepGini_apfd,0.4990057747803267
vanillasoftmax_apfd,0.4990057747803267
pcs_apfd,0.4990057747803267
entropy_apfd,0.49802330865043465
