Approach,apfd
random_apfd,0.4999920035620123
deepGini_apfd,0.4989525796837851
vanillasoftmax_apfd,0.4989525796837851
pcs_apfd,0.49867678993789094
entropy_apfd,0.4965804486885636
