Approach,apfd
random_apfd,0.4945338435591913
deepGini_apfd,0.4989643006607378
vanillasoftmax_apfd,0.4989643006607378
pcs_apfd,0.4989643006607378
entropy_apfd,0.4980392113082742
