Approach,apfd
random_apfd,0.5017707867642912
deepGini_apfd,0.49889292073630676
vanillasoftmax_apfd,0.49889292073630676
pcs_apfd,0.49889292073630676
entropy_apfd,0.4983825857138947
