Approach,apfd
lr,0.6138740697939699
dt,0.7522387333011545
xgb,0.759787348730926
nb,0.615391346276862
knn,0.615391346276862
