Approach,apfd
lr,0.6497671453003036
dt,0.7798064354354246
xgb,0.8218497437981862
nb,0.7368903430220135
knn,0.7368903430220135
