Approach,apfd
lr,0.5349282549787885
dt,0.5454892185550101
xgb,0.5548430794245179
nb,0.5381777015515706
knn,0.5381777015515706
