Approach,apfd
random_apfd,0.5011493589210988
deepGini_apfd,0.49881783853663236
vanillasoftmax_apfd,0.49881783853663236
pcs_apfd,0.4986507615125612
entropy_apfd,0.4965025240476569
