Approach,apfd
lr,0.550485047073417
dt,0.777969593447571
xgb,0.8213761395877185
nb,0.733959164710337
knn,0.733959164710337
