Approach,apfd
lr,0.6507147095723
dt,0.7770394682851776
xgb,0.8209276531102089
nb,0.7378988814196784
knn,0.7378988814196784
