Approach,apfd
random_apfd,0.4997406456512156
deepGini_apfd,0.4990807521294098
vanillasoftmax_apfd,0.4990807521294098
pcs_apfd,0.498667725248855
entropy_apfd,0.49677528651594755
