Approach,apfd
lr,0.6768014143011898
dt,0.7763227353614808
xgb,0.8208573603937226
nb,0.7376610987278104
knn,0.7376610987278104
