Approach,apfd
random_apfd,0.5003133155336259
deepGini_apfd,0.4989786674474128
vanillasoftmax_apfd,0.4989786674474128
pcs_apfd,0.4989786674474128
entropy_apfd,0.4981003862814457
