Approach,apfd
random_apfd,0.5004803454727015
deepGini_apfd,0.5014236267032935
vanillasoftmax_apfd,0.5014236267032935
pcs_apfd,0.5013253851851157
entropy_apfd,0.5001079319611804
