Approach,apfd
random_apfd,0.4986648587337595
deepGini_apfd,0.4984513456382759
vanillasoftmax_apfd,0.4984513456382759
pcs_apfd,0.4981921581769437
entropy_apfd,0.4956997679934007
