Approach,apfd
lr,0.6515699325973243
dt,0.7800364555068545
xgb,0.8219267381152325
nb,0.7400749934980577
knn,0.7400749934980577
