Approach,apfd
lr,0.5381999097289027
dt,0.5448136157052775
xgb,0.5549446991766107
nb,0.5389209773894159
knn,0.5389209773894159
