Approach,apfd
lr,0.6471597370401072
dt,0.7801834737876676
xgb,0.8221144943702194
nb,0.7369746568843587
knn,0.7369746568843587
