Approach,apfd
lr,0.5457175325371886
dt,0.7773947610629159
xgb,0.8229178281572798
nb,0.7382262250900611
knn,0.7382262250900611
