Approach,apfd
lr,0.6135335472591671
dt,0.7518914869430654
xgb,0.7587952866071199
nb,0.6132785218167919
knn,0.6132785218167919
