Approach,apfd
lr,0.6483397287245904
dt,0.7764886319298758
xgb,0.820409403265124
nb,0.7335133442908263
knn,0.7335133442908263
