Approach,apfd
random_apfd,0.5003987297147608
deepGini_apfd,0.5026273593446796
vanillasoftmax_apfd,0.5026273593446796
pcs_apfd,0.5025120775194597
entropy_apfd,0.5016331245714494
