Approach,apfd
random_apfd,0.49897470545335015
deepGini_apfd,0.4993028155269997
vanillasoftmax_apfd,0.4993028155269997
pcs_apfd,0.49906385524842584
entropy_apfd,0.4972208201082658
