Approach,apfd
random_apfd,0.49924330832661734
deepGini_apfd,0.50045971498914
vanillasoftmax_apfd,0.50045971498914
pcs_apfd,0.5003702641806332
entropy_apfd,0.49966786465820523
