Approach,apfd
random_apfd,0.4977250040075599
deepGini_apfd,0.5019894019967833
vanillasoftmax_apfd,0.5019894019967833
pcs_apfd,0.5018557105735815
entropy_apfd,0.5009181131522359
