Approach,apfd
lr,0.5377356116401139
dt,0.5440873162614404
xgb,0.5539792456318758
nb,0.5378831725781436
knn,0.5378831725781436
