Approach,apfd
random_apfd,0.5036686502441404
deepGini_apfd,0.5023061837498658
vanillasoftmax_apfd,0.5023061837498658
pcs_apfd,0.5023061837498658
entropy_apfd,0.5012741263987107
