Approach,apfd
random_apfd,0.49878797260722524
deepGini_apfd,0.4978518462616393
vanillasoftmax_apfd,0.4978518462616393
pcs_apfd,0.49750387958462156
entropy_apfd,0.49516575713449734
