Approach,apfd
random_apfd,0.4994467369236028
deepGini_apfd,0.4985367016304057
vanillasoftmax_apfd,0.4985367016304057
pcs_apfd,0.4980869913476071
entropy_apfd,0.49585731685219275
