Approach,apfd
lr,0.5387189743146242
dt,0.5451897472644683
xgb,0.555380153445102
nb,0.5378273732307072
knn,0.5378273732307072
