Approach,apfd
lr,0.5377267542400551
dt,0.5453417767084587
xgb,0.5554306615690908
nb,0.5393638681496603
knn,0.5393638681496603
