Approach,apfd
random_apfd,0.5033714925416256
deepGini_apfd,0.5026455814909249
vanillasoftmax_apfd,0.5026455814909249
pcs_apfd,0.5025338146506196
entropy_apfd,0.5015999418353702
