Approach,apfd
random_apfd,0.4934065002033684
deepGini_apfd,0.5003000221505628
vanillasoftmax_apfd,0.5003000221505628
pcs_apfd,0.5001228259178564
entropy_apfd,0.49951407134068904
