Approach,apfd
lr,0.6697937947571331
dt,0.7804294834053765
xgb,0.8279995419460584
nb,0.7242912251439226
knn,0.7242912251439226
