Approach,apfd
lr,0.6078720444891318
dt,0.8313291591934211
xgb,0.837851288723111
nb,0.5887632966305386
knn,0.5887632966305386
