Approach,apfd
lr,0.601355435874165
dt,0.8316356417940223
xgb,0.8378934857516275
nb,0.5970090393177381
knn,0.5970090393177381
