Approach,apfd
random_apfd,0.4978829820904408
deepGini_apfd,0.6107697904498456
vanillasoftmax_apfd,0.6107697904498456
pcs_apfd,0.6107697904498456
entropy_apfd,0.6107697904498456
