Approach,apfd
random_apfd,0.5028411234095712
deepGini_apfd,0.6766629115578936
vanillasoftmax_apfd,0.6766629115578936
pcs_apfd,0.6766648381213506
entropy_apfd,0.6766631819527648
