Approach,apfd
lr,0.5982828374225201
dt,0.8293309463186475
xgb,0.8373165883811136
nb,0.5965946408475556
knn,0.5965946408475556
