Approach,apfd
lr,0.6803856410548136
dt,0.7788510935934552
xgb,0.8279519349143797
nb,0.727804057545195
knn,0.727804057545195
