Approach,apfd
lr,0.682867888874338
dt,0.7841743734794646
xgb,0.8273227878803529
nb,0.7265886194322351
knn,0.7265886194322351
