Approach,apfd
random_apfd,0.503214497638593
deepGini_apfd,0.7114727475255255
vanillasoftmax_apfd,0.7114727475255255
pcs_apfd,0.7114875533094975
entropy_apfd,0.7115077261901595
