Approach,apfd
random_apfd,0.5034849847052694
deepGini_apfd,0.6748308535080686
vanillasoftmax_apfd,0.6748308535080686
pcs_apfd,0.6748318997054449
entropy_apfd,0.674830077297112
