Approach,apfd
lr,0.6085617571999746
dt,0.8307682961171363
xgb,0.8370194205468041
nb,0.5883359094387154
knn,0.5883359094387154
