Approach,apfd
random_apfd,0.49352132493675527
deepGini_apfd,0.7109265310345485
vanillasoftmax_apfd,0.7109265310345485
pcs_apfd,0.7109250078025252
entropy_apfd,0.7109458945446622
