Approach,apfd
lr,0.6664377486264454
dt,0.7803509903999606
xgb,0.8277469193855249
nb,0.7266395173847322
knn,0.7266395173847322
