Approach,apfd
random_apfd,0.5032276568550031
deepGini_apfd,0.6107759621493235
vanillasoftmax_apfd,0.6107759621493235
pcs_apfd,0.6107759621493235
entropy_apfd,0.6107759621493235
