Approach,apfd
random_apfd,0.4972601297982728
deepGini_apfd,0.6739117767341408
vanillasoftmax_apfd,0.6739117767341408
pcs_apfd,0.6739134807374124
entropy_apfd,0.673911977205114
