Approach,apfd
lr,0.6058061026365209
dt,0.831318378623083
xgb,0.8374885913584807
nb,0.6032173841299474
knn,0.6032173841299474
