Approach,apfd
random_apfd,0.5001268469462163
deepGini_apfd,0.7117687849183826
vanillasoftmax_apfd,0.7117687849183826
pcs_apfd,0.7117781288640388
entropy_apfd,0.7118060453436534
