Approach,apfd
random_apfd,0.5052405589792752
deepGini_apfd,0.6110198278829181
vanillasoftmax_apfd,0.6110198278829181
pcs_apfd,0.6110198278829181
entropy_apfd,0.6110198278829181
