Approach,apfd
lr,0.6864973281933331
dt,0.7813352541135284
xgb,0.8279828962276721
nb,0.7250101266080454
knn,0.7250101266080454
