Approach,apfd
lr,0.6825804986004613
dt,0.7850352308565449
xgb,0.8259439809267348
nb,0.7292489351396496
knn,0.7292489351396496
