Approach,apfd
random_apfd,0.5001953015298078
deepGini_apfd,0.6742444973087603
vanillasoftmax_apfd,0.6742444973087603
pcs_apfd,0.6742477166588353
entropy_apfd,0.6742455590093169
