Approach,apfd
lr,0.767326244255799
dt,0.8124960116756506
xgb,0.8743867613319111
nb,0.7834992712858223
knn,0.7834992712858223
