Approach,apfd
lr,0.7641587530018727
dt,0.8190581928349597
xgb,0.8762051500011645
nb,0.7854643090521275
knn,0.7854643090521275
