Approach,apfd
lr,0.7681540243544661
dt,0.8171201357652649
xgb,0.8754831787350658
nb,0.7856769977787061
knn,0.7856769977787061
