Approach,apfd
random_apfd,0.5039914989611803
deepGini_apfd,0.6125826125007535
vanillasoftmax_apfd,0.6125826125007535
pcs_apfd,0.6125826125007535
entropy_apfd,0.6125826125007535
