Approach,apfd
random_apfd,0.5046937760885059
deepGini_apfd,0.6799827773441477
vanillasoftmax_apfd,0.6799827773441477
pcs_apfd,0.6799831506430923
entropy_apfd,0.6799805036142126
