Approach,apfd
lr,0.7662515287981014
dt,0.811627673878004
xgb,0.8724208872293724
nb,0.7866245352858752
knn,0.7866245352858752
