Approach,apfd
lr,0.6837202672765287
dt,0.7830357505820816
xgb,0.827630804049523
nb,0.7294545899698995
knn,0.7294545899698995
