Approach,apfd
random_apfd,0.5004451049152382
deepGini_apfd,0.6112012037829854
vanillasoftmax_apfd,0.6112012037829854
pcs_apfd,0.6112012037829854
entropy_apfd,0.6112012037829854
