Approach,apfd
lr,0.7658533104829132
dt,0.8168000644789086
xgb,0.8756311636746191
nb,0.7808270777479893
knn,0.7808270777479893
