Approach,apfd
lr,0.6008847009295867
dt,0.8299249997075352
xgb,0.8378179990439992
nb,0.5918181275232787
knn,0.5918181275232787
