Approach,apfd
lr,0.6018707121271959
dt,0.8304206145494964
xgb,0.8379054031481014
nb,0.5959132007915648
knn,0.5959132007915648
