Approach,apfd
lr,0.7640272193377351
dt,0.8150345175961269
xgb,0.874681541969402
nb,0.781870109073022
knn,0.781870109073022
