Approach,apfd
lr,0.6689291768351326
dt,0.7784317103016054
xgb,0.826132179577748
nb,0.7278981554841147
knn,0.7278981554841147
