Approach,apfd
lr,0.765027203911055
dt,0.8089470074338324
xgb,0.8733192646107163
nb,0.7813446902751117
knn,0.7813446902751117
