Approach,apfd
random_apfd,0.4997675879616147
deepGini_apfd,0.6109426582198724
vanillasoftmax_apfd,0.6109426582198724
pcs_apfd,0.610942678743719
entropy_apfd,0.610942678743719
