Approach,apfd
random_apfd,0.49854245105173234
deepGini_apfd,0.6113921020703326
vanillasoftmax_apfd,0.6113921020703326
pcs_apfd,0.6113921020703326
entropy_apfd,0.6113921020703326
