Approach,apfd
lr,0.7662281044494405
dt,0.821912966146637
xgb,0.8734388587664355
nb,0.7807055834071367
knn,0.7807055834071367
