Approach,apfd
random_apfd,0.49024794785865944
deepGini_apfd,0.7117468082341828
vanillasoftmax_apfd,0.7117468082341828
pcs_apfd,0.7117592521706704
entropy_apfd,0.7117985925561526
