Approach,apfd
lr,0.7690063188450734
dt,0.8173346582237203
xgb,0.8751281343636651
nb,0.7789317703725286
knn,0.7789317703725286
