Approach,apfd
random_apfd,0.5067636423014533
deepGini_apfd,0.7104336836428319
vanillasoftmax_apfd,0.7104336836428319
pcs_apfd,0.7104461822098862
entropy_apfd,0.7104869815988286
