Approach,apfd
lr,0.767280434232447
dt,0.8127135907745567
xgb,0.87454664825223
nb,0.7831018841189694
knn,0.7831018841189694
