Approach,apfd
lr,0.6070448183228536
dt,0.8309646701690642
xgb,0.83724038591065
nb,0.5785970101464709
knn,0.5785970101464709
