Approach,apfd
lr,0.609934929219617
dt,0.832410278351019
xgb,0.8371672286190266
nb,0.5980602221169734
knn,0.5980602221169734
