Approach,apfd
lr,0.6669037519938648
dt,0.7795228604774633
xgb,0.8280428257301391
nb,0.7221682839286685
knn,0.7221682839286685
