Approach,apfd
random_apfd,0.499186619437191
deepGini_apfd,0.6116347633733897
vanillasoftmax_apfd,0.6116347633733897
pcs_apfd,0.6116347633733897
entropy_apfd,0.6116347633733897
