Approach,apfd
lr,0.6060501701075267
dt,0.8301576359894783
xgb,0.8378823927804541
nb,0.5962905339059511
knn,0.5962905339059511
