Approach,apfd
random_apfd,0.509179785035586
deepGini_apfd,0.6760682752908665
vanillasoftmax_apfd,0.6760682752908665
pcs_apfd,0.6760712188038376
entropy_apfd,0.6760696962971283
