Approach,apfd
lr,0.6858811281308044
dt,0.781384854524149
xgb,0.8276581748997813
nb,0.7294620331572959
knn,0.7294620331572959
