Approach,apfd
random_apfd,0.495897936161392
deepGini_apfd,0.7094096919699431
vanillasoftmax_apfd,0.7094096919699431
pcs_apfd,0.7094274630102143
entropy_apfd,0.7094542349669866
