Approach,apfd
random_apfd,0.49246341219927803
deepGini_apfd,0.6699586451886326
leastConfidence_apfd,0.6639467658870224
margin_apfd,0.6639467658870224
