Approach,apfd
random_apfd,0.5031074917983787
deepGini_apfd,0.6676186434493367
leastConfidence_apfd,0.6622689539931548
margin_apfd,0.6622689539931548
