Approach,apfd
random_apfd,0.507480707695922
deepGini_apfd,0.8661236316491717
leastConfidence_apfd,0.8573708643605092
margin_apfd,0.8573708643605092
