Approach,apfd
lr,0.7712387465660477
dt,0.7806673865554563
xgb,0.8679391735345713
nb,0.7827239102373151
knn,0.7827239102373151
