Approach,apfd
lr,0.6878615909008489
dt,0.8859603168147058
xgb,0.8988905571558675
nb,0.6577296926174446
knn,0.6577296926174446
