Approach,apfd
random_apfd,0.5024682009689303
deepGini_apfd,0.7449522286952934
vanillasoftmax_apfd,0.7449522286952934
pcs_apfd,0.7449522286952934
entropy_apfd,0.7449522286952934
