Approach,apfd
lr,0.5572229170617633
dt,0.638432000098212
xgb,0.6515160292384765
nb,0.5935315854693344
knn,0.5935315854693344
