Approach,apfd
lr,0.687341558733372
dt,0.7757884785692175
xgb,0.8283852959899397
nb,0.7381799780693818
knn,0.7381799780693818
