Approach,apfd
random_apfd,0.4985543898260618
deepGini_apfd,0.47333208588306896
vanillasoftmax_apfd,0.47333208588306896
pcs_apfd,0.47333208588306896
entropy_apfd,0.47333208588306896
