Approach,apfd
lr,0.5189568955176163
dt,0.6364178585470135
xgb,0.6495622179249338
nb,0.5949358457534422
knn,0.5949358457534422
