Approach,apfd
random_apfd,0.5001176593374357
deepGini_apfd,0.5585598173376043
vanillasoftmax_apfd,0.5585598173376043
pcs_apfd,0.5585598173376043
entropy_apfd,0.5585598173376043
