Approach,apfd
random_apfd,0.503176116021217
deepGini_apfd,0.7549635141459382
vanillasoftmax_apfd,0.7549635141459382
pcs_apfd,0.7549635141459382
entropy_apfd,0.7549635141459382
