Approach,apfd
lr,0.5480347820294118
dt,0.6396602129178617
xgb,0.6516681211968831
nb,0.6021553615122028
knn,0.6021553615122028
