Approach,apfd
random_apfd,0.5048843821989141
deepGini_apfd,0.7543756302769992
vanillasoftmax_apfd,0.7543756302769992
pcs_apfd,0.7543756302769992
entropy_apfd,0.7543756302769992
