Approach,apfd
random_apfd,0.4978982843416159
deepGini_apfd,0.5721424564286267
vanillasoftmax_apfd,0.5721424564286267
pcs_apfd,0.5721424564286267
entropy_apfd,0.5721424564286267
