Approach,apfd
lr,0.6868535266929225
dt,0.771744149280035
xgb,0.8283416449503029
nb,0.7344321085147765
knn,0.7344321085147765
