Approach,apfd
lr,0.6868744600306924
dt,0.7421993613735232
xgb,0.8144947851177872
nb,0.728466944590782
knn,0.728466944590782
