Approach,apfd
random_apfd,0.5059680249754087
deepGini_apfd,0.7481893624455875
vanillasoftmax_apfd,0.7481893624455875
pcs_apfd,0.7481893624455875
entropy_apfd,0.7481893624455875
