Approach,apfd
random_apfd,0.48955917603243576
deepGini_apfd,0.8288037018449795
vanillasoftmax_apfd,0.8288037018449795
pcs_apfd,0.8288037018449795
entropy_apfd,0.8288037018449795
