Approach,apfd
lr,0.6805211006420578
dt,0.8839424805707976
xgb,0.8985886413111311
nb,0.6444272578596423
knn,0.6444272578596423
