Approach,apfd
random_apfd,0.4956261032096426
deepGini_apfd,0.4735706230839245
vanillasoftmax_apfd,0.4735706230839245
pcs_apfd,0.4735706230839245
entropy_apfd,0.4735706230839245
