Approach,apfd
random_apfd,0.5024097433081153
deepGini_apfd,0.47258517684284207
vanillasoftmax_apfd,0.47258517684284207
pcs_apfd,0.47258517684284207
entropy_apfd,0.47258517684284207
