Approach,apfd
random_apfd,0.501056084584183
deepGini_apfd,0.5581304474575771
vanillasoftmax_apfd,0.5581304474575771
pcs_apfd,0.5581304474575771
entropy_apfd,0.5581304474575771
