Approach,apfd
random_apfd,0.4980260933743217
deepGini_apfd,0.5596232095611131
vanillasoftmax_apfd,0.5596232095611131
pcs_apfd,0.5596232095611131
entropy_apfd,0.5596232095611131
