Approach,apfd
random_apfd,0.49810336011157086
deepGini_apfd,0.7551495450298494
vanillasoftmax_apfd,0.7551495450298494
pcs_apfd,0.7551495450298494
entropy_apfd,0.7551495450298494
