Approach,apfd
random_apfd,0.49385508305576753
deepGini_apfd,0.7547401827284497
vanillasoftmax_apfd,0.7547401827284497
pcs_apfd,0.7547401827284497
entropy_apfd,0.7547401827284497
