Approach,apfd
lr,0.768887120670742
dt,0.7975378447361594
xgb,0.8179355259744102
nb,0.7707396579152196
knn,0.7707396579152196
