Approach,apfd
lr,0.5590892612019706
dt,0.6394171240424992
xgb,0.651130174428417
nb,0.5990929460710948
knn,0.5990929460710948
