Approach,apfd
random_apfd,0.506712253122348
deepGini_apfd,0.7492363131249857
vanillasoftmax_apfd,0.7492363131249857
pcs_apfd,0.7492363131249857
entropy_apfd,0.7492363131249857
