Approach,apfd
lr,0.7697752757206516
dt,0.798929363509743
xgb,0.817225741589553
nb,0.7723804119992536
knn,0.7723804119992536
