Approach,apfd
lr,0.7550430917543892
dt,0.7868030080395253
xgb,0.8676468296028431
nb,0.7941513970170683
knn,0.7941513970170683
