Approach,apfd
random_apfd,0.49922983632475715
deepGini_apfd,0.5587073039650583
vanillasoftmax_apfd,0.5587073039650583
pcs_apfd,0.5587073039650583
entropy_apfd,0.5587073039650583
