Approach,apfd
random_apfd,0.5030364196608588
deepGini_apfd,0.8245007604741464
vanillasoftmax_apfd,0.8245007604741464
pcs_apfd,0.8245007604741464
entropy_apfd,0.8245007604741464
