Approach,apfd
random_apfd,0.49709070010318407
deepGini_apfd,0.5729743708159747
vanillasoftmax_apfd,0.5729743708159747
pcs_apfd,0.5729743708159747
entropy_apfd,0.5729743708159747
