Approach,apfd
lr,0.5189785630762325
dt,0.6399346650911919
xgb,0.65297412336681
nb,0.6034769485777784
knn,0.6034769485777784
