Approach,apfd
lr,0.6891177564514747
dt,0.8864087873128842
xgb,0.898675166355982
nb,0.6782962107917129
knn,0.6782962107917129
