Approach,apfd
lr,0.754985642441459
dt,0.7908001998658686
xgb,0.869636093512597
nb,0.7866915084464549
knn,0.7866915084464549
