Approach,apfd
random_apfd,0.500915582467219
deepGini_apfd,0.47351284489534695
vanillasoftmax_apfd,0.47351284489534695
pcs_apfd,0.47351284489534695
entropy_apfd,0.47351284489534695
