Approach,apfd
random_apfd,0.5038918177210463
deepGini_apfd,0.8227498982967202
vanillasoftmax_apfd,0.8227498982967202
pcs_apfd,0.8227498982967202
entropy_apfd,0.8227498982967202
