Approach,apfd
random_apfd,0.5014848774130115
deepGini_apfd,0.5737283564940522
vanillasoftmax_apfd,0.5737283564940522
pcs_apfd,0.5737283564940522
entropy_apfd,0.5737283564940522
