Approach,apfd
random_apfd,0.49935066474955186
deepGini_apfd,0.8249744759137498
vanillasoftmax_apfd,0.8249744759137498
pcs_apfd,0.8249744759137498
entropy_apfd,0.8249744759137498
