Approach,apfd
random_apfd,0.5011018102197586
deepGini_apfd,0.7450691003463785
vanillasoftmax_apfd,0.7450691003463785
pcs_apfd,0.7450691003463785
entropy_apfd,0.7450691003463785
