Approach,apfd
random_apfd,0.5008221389719248
deepGini_apfd,0.5573838985265838
vanillasoftmax_apfd,0.5573838985265838
pcs_apfd,0.5573838985265838
entropy_apfd,0.5573838985265838
