Approach,apfd
lr,0.7575991082159036
dt,0.7786449735205166
xgb,0.8690853269985077
nb,0.7902292522352382
knn,0.7902292522352382
