Approach,apfd
lr,0.7533721906241387
dt,0.7846050169961498
xgb,0.8665170629650975
nb,0.7909107555978719
knn,0.7909107555978719
