Approach,apfd
random_apfd,0.4996618409712832
deepGini_apfd,0.7416366578108684
vanillasoftmax_apfd,0.7416366578108684
pcs_apfd,0.7416366578108684
entropy_apfd,0.7416366578108684
