Approach,apfd
random_apfd,0.5005967067763154
deepGini_apfd,0.7409553768439388
vanillasoftmax_apfd,0.7409553768439388
pcs_apfd,0.7409553768439388
entropy_apfd,0.7409553768439388
