Approach,apfd
random_apfd,0.5082441557465361
deepGini_apfd,0.8262062463982361
vanillasoftmax_apfd,0.8262062463982361
pcs_apfd,0.8262062463982361
entropy_apfd,0.8262062463982361
