Approach,apfd
random_apfd,0.5007046735409368
deepGini_apfd,0.5587266952225087
vanillasoftmax_apfd,0.5587266952225087
pcs_apfd,0.5587266952225087
entropy_apfd,0.5587266952225087
