Approach,apfd
lr,0.6873089339512235
dt,0.7723302238666498
xgb,0.8295013334381531
nb,0.7385598626796235
knn,0.7385598626796235
