Approach,apfd
random_apfd,0.48833330306792216
deepGini_apfd,0.8260072603969942
vanillasoftmax_apfd,0.8260072603969942
pcs_apfd,0.8260072603969942
entropy_apfd,0.8260072603969942
