Approach,apfd
lr,0.5994679254905612
dt,0.7173985642124076
xgb,0.723187383495025
nb,0.5737754420514894
knn,0.5737754420514894
