Approach,apfd
lr,0.5979852294087614
dt,0.7172842723034895
xgb,0.7222862180911808
nb,0.5727350841013351
knn,0.5727350841013351
