Approach,apfd
random_apfd,0.5050942290186603
deepGini_apfd,0.8255208619361195
vanillasoftmax_apfd,0.8255208619361195
pcs_apfd,0.8255208619361195
entropy_apfd,0.8255208619361195
