Approach,apfd
lr,0.601264725712783
dt,0.7179462329747069
xgb,0.722064130100251
nb,0.5726977986587133
knn,0.5726977986587133
