Approach,apfd
random_apfd,0.4899982069978313
deepGini_apfd,0.5739672876715448
vanillasoftmax_apfd,0.5739672876715448
pcs_apfd,0.5739672876715448
entropy_apfd,0.5739672876715448
