Approach,apfd
random_apfd,0.502360728848051
deepGini_apfd,0.755602322352419
vanillasoftmax_apfd,0.755602322352419
pcs_apfd,0.755602322352419
entropy_apfd,0.755602322352419
