Approach,apfd
random_apfd,0.5014862271056673
deepGini_apfd,0.5574174518361652
vanillasoftmax_apfd,0.5574174518361652
pcs_apfd,0.5574174518361652
entropy_apfd,0.5574174518361652
