Approach,apfd
lr,0.688020445081091
dt,0.7726024713516928
xgb,0.8276241101609654
nb,0.7339999406498761
knn,0.7339999406498761
