Approach,apfd
lr,0.7039163790500397
dt,0.8855225334260847
xgb,0.8989898834642379
nb,0.6591815276165677
knn,0.6591815276165677
