Approach,apfd
random_apfd,0.496228271493265
deepGini_apfd,0.7426284225495376
vanillasoftmax_apfd,0.7426284225495376
pcs_apfd,0.7426284225495376
entropy_apfd,0.7426284225495376
