Approach,apfd
random_apfd,0.49357784411181316
deepGini_apfd,0.7384902524171375
vanillasoftmax_apfd,0.7384902524171375
pcs_apfd,0.7384902524171375
entropy_apfd,0.7384902524171375
