Approach,apfd
random_apfd,0.500693750142178
deepGini_apfd,0.5596653131326919
vanillasoftmax_apfd,0.5596653131326919
pcs_apfd,0.5596653131326919
entropy_apfd,0.5596653131326919
