Approach,apfd
lr,0.6880392798979952
dt,0.741605708131236
xgb,0.8131480756839966
nb,0.7287188470748004
knn,0.7287188470748004
