Approach,apfd
random_apfd,0.5021561651943652
deepGini_apfd,0.47155403188328404
vanillasoftmax_apfd,0.47155403188328404
pcs_apfd,0.47155403188328404
entropy_apfd,0.47155403188328404
