Approach,apfd
random_apfd,0.4969314530005188
deepGini_apfd,0.7577259808098761
vanillasoftmax_apfd,0.7577259808098761
pcs_apfd,0.7577259808098761
entropy_apfd,0.7577259808098761
