Approach,apfd
lr,0.5966960566093605
dt,0.7161483039468263
xgb,0.7206184264822938
nb,0.5731310484475906
knn,0.5731310484475906
