Approach,apfd
random_apfd,0.5024038491818587
deepGini_apfd,0.7552053675545299
vanillasoftmax_apfd,0.7552053675545299
pcs_apfd,0.7552053675545299
entropy_apfd,0.7552053675545299
