Approach,apfd
lr,0.7520544479345899
dt,0.7731455407279955
xgb,0.8695089398850253
nb,0.7918003814706628
knn,0.7918003814706628
