Approach,apfd
lr,0.7512843604993723
dt,0.7738478073215243
xgb,0.8672621158313052
nb,0.7893256799568754
knn,0.7893256799568754
