Approach,apfd
lr,0.6980021131546602
dt,0.889649642732246
xgb,0.8996801490931765
nb,0.6711283764717016
knn,0.6711283764717016
