Approach,apfd
lr,0.7847398245186449
dt,0.8002167037567679
xgb,0.8185444574405325
nb,0.7916905455547685
knn,0.7916905455547685
