Approach,apfd
random_apfd,0.5030740906232417
deepGini_apfd,0.826864594710886
vanillasoftmax_apfd,0.826864594710886
pcs_apfd,0.826864594710886
entropy_apfd,0.826864594710886
