Approach,apfd
lr,0.5605895772336247
dt,0.6372539383909632
xgb,0.649546442639676
nb,0.5977541767557262
knn,0.5977541767557262
