Approach,apfd
lr,0.6740997689763273
dt,0.8843050730559897
xgb,0.8963812820620447
nb,0.6456525328243735
knn,0.6456525328243735
