Approach,apfd
lr,0.7514191698857949
dt,0.779143519389091
xgb,0.8681666953209368
nb,0.7917777691218004
knn,0.7917777691218004
