Approach,apfd
random_apfd,0.4894070878016085
deepGini_apfd,0.8300638404825738
vanillasoftmax_apfd,0.8300638404825738
pcs_apfd,0.8300638404825738
entropy_apfd,0.8300638404825738
