Approach,apfd
lr,0.6988280982479086
dt,0.8878518517929207
xgb,0.8992106748048218
nb,0.664217569417
knn,0.664217569417
