Approach,apfd
lr,0.5966392916198907
dt,0.7159349970719902
xgb,0.7205695935524833
nb,0.571201292559922
knn,0.571201292559922
