Approach,apfd
random_apfd,0.4980052261130846
deepGini_apfd,0.47340345725012156
vanillasoftmax_apfd,0.47340345725012156
pcs_apfd,0.47340345725012156
entropy_apfd,0.47340345725012156
