Approach,apfd
lr,0.7530640344614689
dt,0.7843537351286315
xgb,0.8681308172866503
nb,0.7910530276933215
knn,0.7910530276933215
