Approach,apfd
random_apfd,0.5038219099817985
deepGini_apfd,0.4712139836156314
vanillasoftmax_apfd,0.4712139836156314
pcs_apfd,0.4712139836156314
entropy_apfd,0.4712139836156314
