Approach,apfd
random_apfd,0.4973705897907995
deepGini_apfd,0.7440430843988705
vanillasoftmax_apfd,0.7440430843988705
pcs_apfd,0.7440430843988705
entropy_apfd,0.7440430843988705
