Approach,apfd
random_apfd,0.49819625128037803
deepGini_apfd,0.5564933630226401
vanillasoftmax_apfd,0.5564933630226401
pcs_apfd,0.5564933630226401
entropy_apfd,0.5564933630226401
