Approach,apfd
lr,0.5604056995413798
dt,0.6370135814017511
xgb,0.6498600983211389
nb,0.5982949906244142
knn,0.5982949906244142
