Approach,apfd
random_apfd,0.5004672110261017
deepGini_apfd,0.7933546154272924
vanillasoftmax_apfd,0.7933546154272924
pcs_apfd,0.7933546154272924
entropy_apfd,0.7933546154272924
