Approach,apfd
random_apfd,0.5042806717372982
deepGini_apfd,0.7562668419255744
vanillasoftmax_apfd,0.7562668419255744
pcs_apfd,0.7562668419255744
entropy_apfd,0.7562668419255744
