Approach,apfd
lr,0.6878562063161429
dt,0.7760960243122765
xgb,0.8297472322862394
nb,0.734740078596971
knn,0.734740078596971
