Approach,apfd
lr,0.5990203338925691
dt,0.7167325878306122
xgb,0.7222234472380448
nb,0.573254443120299
knn,0.573254443120299
