Approach,apfd
lr,0.5992690007835345
dt,0.716526693086447
xgb,0.721504916368472
nb,0.5728827511156579
knn,0.5728827511156579
