Approach,apfd
random_apfd,0.502439123193306
deepGini_apfd,0.47176764599794163
vanillasoftmax_apfd,0.47176764599794163
pcs_apfd,0.47176764599794163
entropy_apfd,0.47176764599794163
