Approach,apfd
random_apfd,0.501036626581155
deepGini_apfd,0.5750481771485273
vanillasoftmax_apfd,0.5750481771485273
pcs_apfd,0.5750481771485273
entropy_apfd,0.5750481771485273
