Approach,apfd
lr,0.7014391412995055
dt,0.8864398912828392
xgb,0.8976989003418971
nb,0.669372691188873
knn,0.669372691188873
