Approach,apfd
random_apfd,0.5014656401679017
deepGini_apfd,0.5757376382498128
vanillasoftmax_apfd,0.5757376382498128
pcs_apfd,0.5757376382498128
entropy_apfd,0.5757376382498128
