Approach,apfd
random_apfd,0.5081434836118284
deepGini_apfd,0.7454701836043978
vanillasoftmax_apfd,0.7454701836043978
pcs_apfd,0.7454701836043978
entropy_apfd,0.7454701836043978
