Approach,apfd
lr,0.6020321356162591
dt,0.7188540062645973
xgb,0.7243957682237051
nb,0.5733530566971292
knn,0.5733530566971292
