Approach,apfd
random_apfd,0.5019342737933293
deepGini_apfd,0.7550052022272169
vanillasoftmax_apfd,0.7550052022272169
pcs_apfd,0.7550052022272169
entropy_apfd,0.7550052022272169
