Approach,apfd
lr,0.7335583699845625
dt,0.8009509536900942
xgb,0.8188642359817934
nb,0.7739272941015924
knn,0.7739272941015924
