Approach,apfd
lr,0.7027728276330129
dt,0.8894352435331659
xgb,0.899504196867645
nb,0.6685982200214293
knn,0.6685982200214293
