Approach,apfd
random_apfd,0.5018194236369005
deepGini_apfd,0.559224539054956
vanillasoftmax_apfd,0.559224539054956
pcs_apfd,0.559224539054956
entropy_apfd,0.559224539054956
