Approach,apfd
lr,0.6002525311549306
dt,0.7191433124983723
xgb,0.7240513036977912
nb,0.5729569506515959
knn,0.5729569506515959
