Approach,apfd
lr,0.7754401801116994
dt,0.7971085318643405
xgb,0.8176713126487846
nb,0.7840549284924238
knn,0.7840549284924238
