Approach,apfd
lr,0.5994287539646704
dt,0.7189624892789428
xgb,0.7232242255735924
nb,0.5750242576169232
knn,0.5750242576169232
