Approach,apfd
random_apfd,0.4978847969113175
deepGini_apfd,0.47447691522693924
vanillasoftmax_apfd,0.47447691522693924
pcs_apfd,0.47447691522693924
entropy_apfd,0.47447691522693924
