Approach,apfd
lr,0.70540945618721
dt,0.8880823790899413
xgb,0.8981191660200066
nb,0.667804553592137
knn,0.667804553592137
