Approach,apfd
random_apfd,0.506427723471336
deepGini_apfd,0.8235078811275894
vanillasoftmax_apfd,0.8235078811275894
pcs_apfd,0.8235078811275894
entropy_apfd,0.8235078811275894
