Approach,apfd
lr,0.6862989664440116
dt,0.7738743102942168
xgb,0.8292112510136663
nb,0.7365778797415478
knn,0.7365778797415478
