Approach,apfd
lr,0.7695163823375217
dt,0.7983709150270564
xgb,0.8194639417644353
nb,0.7774055266656802
knn,0.7774055266656802
