Approach,apfd
random_apfd,0.49975795282961266
deepGini_apfd,0.4728201938153125
vanillasoftmax_apfd,0.4728201938153125
pcs_apfd,0.4728201938153125
entropy_apfd,0.4728201938153125
