Approach,apfd
lr,0.5185850167201256
dt,0.6388527875406629
xgb,0.6520464594849746
nb,0.5963283187174413
knn,0.5963283187174413
