Approach,apfd
random_apfd,0.49899007801987144
deepGini_apfd,0.5743589545038953
vanillasoftmax_apfd,0.5743589545038953
pcs_apfd,0.5743589545038953
entropy_apfd,0.5743589545038953
