Approach,apfd
lr,0.687397726803473
dt,0.775325923664025
xgb,0.8292784647304174
nb,0.7359977159603837
knn,0.7359977159603837
