Approach,apfd
random_apfd,0.504612119881043
deepGini_apfd,0.7552428595374833
vanillasoftmax_apfd,0.7552428595374833
pcs_apfd,0.7552428595374833
entropy_apfd,0.7552428595374833
