Approach,apfd
random_apfd,0.498470493151983
deepGini_apfd,0.7564404283122422
vanillasoftmax_apfd,0.7564404283122422
pcs_apfd,0.7564404283122422
entropy_apfd,0.7564404283122422
