Approach,apfd
random_apfd,0.4992014859339903
deepGini_apfd,0.7577259808098761
vanillasoftmax_apfd,0.7577259808098761
pcs_apfd,0.7577259808098761
entropy_apfd,0.7577259808098761
