Approach,apfd
lr,0.7787079004691689
dt,0.7725701239946381
xgb,0.8674638907506703
nb,0.7933218414879357
knn,0.7933218414879357
