Approach,apfd
lr,0.6892229466040878
dt,0.7737938957086485
xgb,0.8299043024791751
nb,0.7385444744915505
knn,0.7385444744915505
