Approach,apfd
lr,0.6685298561080932
dt,0.8915816965471259
xgb,0.8988125289842989
nb,0.658449387235463
knn,0.658449387235463
