Approach,apfd
lr,0.6882719236087864
dt,0.7708169323260694
xgb,0.8285618920090128
nb,0.7357293765061155
knn,0.7357293765061155
