Approach,apfd
lr,0.5194375867285426
dt,0.6395016023453672
xgb,0.6520120239882617
nb,0.6010498347892355
knn,0.6010498347892355
