Approach,apfd
lr,0.7851986862985872
dt,0.7989067232110042
xgb,0.8181074480117837
nb,0.7845678047710354
knn,0.7845678047710354
