Approach,apfd
lr,0.7693546330606832
dt,0.7988019757176278
xgb,0.8176171997290574
nb,0.7758598441511132
knn,0.7758598441511132
