Approach,apfd
lr,0.7562000208005917
dt,0.7794256560440577
xgb,0.8682680783554987
nb,0.7924039458392214
knn,0.7924039458392214
