Approach,apfd
lr,0.7849994436165613
dt,0.8008421752412812
xgb,0.8200950497934498
nb,0.7892832089214078
knn,0.7892832089214078
