Approach,apfd
lr,0.6944171906326622
dt,0.8908420032277619
xgb,0.8986196985756041
nb,0.6769189175177116
knn,0.6769189175177116
