Approach,apfd
lr,0.7867127451596861
dt,0.7992466144955042
xgb,0.8181590658351293
nb,0.7907483694129888
knn,0.7907483694129888
