Approach,apfd
lr,0.5583311081277537
dt,0.640780837525698
xgb,0.6525704545967781
nb,0.6002874171583168
knn,0.6002874171583168
