Approach,apfd
lr,0.6883885136463088
dt,0.7715130393346772
xgb,0.8287766539926338
nb,0.7352199853429114
knn,0.7352199853429114
