Approach,apfd
lr,0.7542459176975597
dt,0.7724217114529421
xgb,0.8672672327974201
nb,0.7873919304124187
knn,0.7873919304124187
