Approach,apfd
random_apfd,0.4973321210576385
deepGini_apfd,0.5716432746009277
vanillasoftmax_apfd,0.5716432746009277
pcs_apfd,0.5716432746009277
entropy_apfd,0.5716432746009277
