Approach,apfd
random_apfd,0.5025440137414863
deepGini_apfd,0.6248216596801504
leastConfidence_apfd,0.6248976265955537
margin_apfd,0.6248976265955537
