Approach,apfd
random_apfd,0.4974822435899533
deepGini_apfd,0.5354670925209776
leastConfidence_apfd,0.5349326598318976
margin_apfd,0.5349326598318976
