Approach,apfd
random_apfd,0.4992847126153723
deepGini_apfd,0.4526897464768295
leastConfidence_apfd,0.45283997958755134
margin_apfd,0.45283997958755134
