Approach,apfd
random_apfd,0.4923681610732711
deepGini_apfd,0.6376938194840899
leastConfidence_apfd,0.6383017639549902
margin_apfd,0.6383017639549902
