Approach,apfd
random_apfd,0.5002611004444469
deepGini_apfd,0.5295415914864824
leastConfidence_apfd,0.5295449171873323
margin_apfd,0.5295449171873323
