Approach,mutation_feature_apfd,mutation_model_apfd,fusion_2_feature_apfd,fusion_3_feature_apfd
lr,0.691694637082369,0.7013381658906968,0.7033479995875122,0.7569988102556158
rf,0.6977376346700199,0.7018381902225379,0.7053886772308333,0.8014930559068691
xgb,0.6977568894305006,0.701702825623385,0.7052178911383434,0.8164284105008125
lgb,0.6978242084327095,0.7023805750274367,0.7059578552165896,0.8173723115563385
