Approach,apfd
random_apfd,0.5002158559545825
deepGini_apfd,0.49438968707310793
leastConfidence_apfd,0.4951879510959175
margin_apfd,0.4951879510959175
