Approach,apfd
random_apfd,0.49428716143957796
deepGini_apfd,0.622282814987801
leastConfidence_apfd,0.6218684447499341
margin_apfd,0.6218684447499341
