Approach,mutation_feature_apfd,mutation_model_apfd,fusion_2_feature_apfd,fusion_3_feature_apfd
lr,0.6360793039700213,0.7030188676383149,0.7048114844610114,0.7587012692277817
rf,0.6432271656899471,0.7028558799884588,0.7045748432115693,0.7860517675487121
xgb,0.6432269513409894,0.7030089251443479,0.7046563782574509,0.8112560721968181
lgb,0.6431226788171966,0.7030547628445604,0.704699099653584,0.8107610415229052
