Approach,apfd
random_apfd,0.5008166065524496
deepGini_apfd,0.9059529155395251
leastConfidence_apfd,0.9062707694619777
margin_apfd,0.9076993838292756
