Approach,apfd
random_apfd,0.5024092161870526
deepGini_apfd,0.6622663574965979
leastConfidence_apfd,0.6626964567792624
margin_apfd,0.6626964567792624
