Approach,apfd
random_apfd,0.4995817473065981
deepGini_apfd,0.6144069524757296
leastConfidence_apfd,0.6149338885318172
margin_apfd,0.6149338885318172
