Approach,apfd
random_apfd,0.491442178001681
deepGini_apfd,0.6211105602911238
leastConfidence_apfd,0.6212273907044206
margin_apfd,0.6212273907044206
