Approach,apfd
random_apfd,0.501955774311182
deepGini_apfd,0.49810098233448863
leastConfidence_apfd,0.49737392605281217
margin_apfd,0.49737392605281217
