Approach,apfd
random_apfd,0.4987088810633291
deepGini_apfd,0.4891901242595572
leastConfidence_apfd,0.48980610312261863
margin_apfd,0.48980610312261863
