Approach,mutation_feature_apfd,mutation_model_apfd,fusion_2_feature_apfd,fusion_3_feature_apfd
lr,0.630613667494399,0.6387053476068897,0.640931104738802,0.6899991647944347
rf,0.6314315037403987,0.643540896288082,0.6443174034091333,0.7776295568491249
xgb,0.6314315037403987,0.6432374670095855,0.6453339397402058,0.7961281077223008
lgb,0.6314315037403987,0.6435560893096726,0.6453809765138059,0.7981801100681033
