Approach,apfd
random_apfd,0.5019605347418762
deepGini_apfd,0.5067351096782556
leastConfidence_apfd,0.5068678535280761
margin_apfd,0.5068678535280761
