Approach,apfd
random_apfd,0.498430102955167
deepGini_apfd,0.5394412468249828
leastConfidence_apfd,0.5391511135430055
margin_apfd,0.5391511135430055
