Approach,apfd
random_apfd,0.5028968280709057
deepGini_apfd,0.5499939185046258
leastConfidence_apfd,0.5510063745978541
margin_apfd,0.5510063745978541
