Approach,mutation_feature_apfd,mutation_model_apfd,fusion_2_feature_apfd,fusion_3_feature_apfd
lr,0.6909616947090415,0.6934408623182622,0.6962497183504278,0.7546720701944711
rf,0.6924019948354956,0.6937397686553166,0.6969650575495662,0.7853667230502419
xgb,0.6924017342857963,0.6937501720325916,0.6974334514659466,0.8117305560273883
lgb,0.6923938991841276,0.6934563464146715,0.697450964127871,0.8132736243994818
