Approach,apfd
random_apfd,0.4961333866318761
deepGini_apfd,0.6813467780452114
leastConfidence_apfd,0.6810978414183239
margin_apfd,0.6810978414183239
