Approach,apfd
random_apfd,0.5061374698067632
deepGini_apfd,0.9066080012077294
leastConfidence_apfd,0.9069167874396136
margin_apfd,0.9082759661835749
