Approach,apfd
random_apfd,0.4865878546907767
deepGini_apfd,0.7577259808098761
leastConfidence_apfd,0.7579040929777418
margin_apfd,0.7579040929777418
