Approach,apfd
random_apfd,0.4976600857223915
deepGini_apfd,0.6159888720173664
leastConfidence_apfd,0.6158720691693466
margin_apfd,0.6158720691693466
