Approach,apfd
random_apfd,0.5073959971997726
deepGini_apfd,0.531842197914735
leastConfidence_apfd,0.5311696922453595
margin_apfd,0.5311696922453595
