Approach,apfd
random_apfd,0.49693253719630404
deepGini_apfd,0.61073068146204
leastConfidence_apfd,0.610888913314251
margin_apfd,0.610888913314251
