Approach,mutation_feature_apfd,mutation_model_apfd,fusion_2_feature_apfd,fusion_3_feature_apfd
lr,0.661595825862529,0.6699087579542093,0.6730263323882377,0.7314317266709268
rf,0.661595825862529,0.6721780212553432,0.6737415442902374,0.7959158844294993
xgb,0.661595825862529,0.6713945639428476,0.6737263028152265,0.8170111198658254
lgb,0.661595825862529,0.6723455120370427,0.6738535494851607,0.8197988414824557
