Approach,apfd
random_apfd,0.503522725818063
deepGini_apfd,0.6428919756341241
leastConfidence_apfd,0.6428104220755934
margin_apfd,0.6428104220755934
