Approach,apfd
random_apfd,0.4928941154767662
deepGini_apfd,0.6177582598333693
leastConfidence_apfd,0.61804179024757
margin_apfd,0.61804179024757
