Approach,apfd
random_apfd,0.5008123363180131
deepGini_apfd,0.5359204743922135
leastConfidence_apfd,0.5359773803497901
margin_apfd,0.5359773803497901
