Approach,mutation_feature_apfd,mutation_model_apfd,fusion_2_feature_apfd,fusion_3_feature_apfd
lr,0.6631476820497254,0.6674170741868355,0.6675469849279501,0.7235279210308927
rf,0.6631782600679805,0.6699643188547808,0.6726697706444913,0.7842572301938068
xgb,0.6631782600679805,0.6699147543521728,0.6726703206821281,0.8155567755978859
lgb,0.6631782600679805,0.6700206875266743,0.6726823807666098,0.8170355415986335
