Approach,apfd
random_apfd,0.5100084033613445
deepGini_apfd,0.8953351260504202
leastConfidence_apfd,0.8958830532212885
margin_apfd,0.8983337535014005
