Approach,apfd
random_apfd,0.5001565767609334
deepGini_apfd,0.48062358312065906
leastConfidence_apfd,0.4807588273657613
margin_apfd,0.4807588273657613
