Approach,mutation_feature_apfd,mutation_model_apfd,fusion_2_feature_apfd,fusion_3_feature_apfd
lr,0.6918781203455466,0.6145275394697647,0.7539692731605601,0.7802999851057492
rf,0.6878170241286864,0.6548016532618409,0.7660754989574025,0.9531313226094728
xgb,0.6933143729520405,0.6513885165326184,0.7694631069407208,0.934130309800417
lgb,0.694811364313375,0.658532454572535,0.771352472445636,0.9314925081918379
