Approach,mutation_feature_apfd,mutation_model_apfd,fusion_2_feature_apfd,fusion_3_feature_apfd
lr,0.5839571951108562,0.6251260888250288,0.638283175574926,0.7224941539743064
rf,0.5840570912364438,0.6248979033411188,0.6384617826394303,0.7951880840278894
xgb,0.5829735509528691,0.6246351330977258,0.638792567266202,0.8208898970501579
lgb,0.5829702241623776,0.6250847118682927,0.6387689100893746,0.8214614350360294
