Approach,apfd
random_apfd,0.506301793158433
deepGini_apfd,0.6164887896921116
leastConfidence_apfd,0.61683591864654
margin_apfd,0.61683591864654
