Approach,apfd
random_apfd,0.4979292345163764
deepGini_apfd,0.5864446799576564
leastConfidence_apfd,0.5863286876568008
margin_apfd,0.5863286876568008
