Approach,apfd
random_apfd,0.5054324022452064
deepGini_apfd,0.5581979067353264
leastConfidence_apfd,0.5576715161449947
margin_apfd,0.5576715161449947
