Approach,apfd
random_apfd,0.5007511504692704
deepGini_apfd,0.9078354374810779
leastConfidence_apfd,0.9081714956100515
margin_apfd,0.9084566908870724
