Approach,apfd
random_apfd,0.5016422962255616
deepGini_apfd,0.5591758404913115
leastConfidence_apfd,0.5592700856238252
margin_apfd,0.5592700856238252
