Approach,apfd
random_apfd,0.4980926804820907
deepGini_apfd,0.4779851460039128
leastConfidence_apfd,0.4777424763905997
margin_apfd,0.4777424763905997
