Approach,apfd
random_apfd,0.504728516997004
deepGini_apfd,0.6796423764617691
leastConfidence_apfd,0.6795872606929455
margin_apfd,0.6795872606929455
