Approach,apfd
random_apfd,0.488177041480291
deepGini_apfd,0.8255769052986396
leastConfidence_apfd,0.8262940812538668
margin_apfd,0.8262940812538668
