Approach,apfd
random_apfd,0.49603598959732076
deepGini_apfd,0.6785504374170044
leastConfidence_apfd,0.6776236054733249
margin_apfd,0.6776236054733249
