Approach,apfd
random_apfd,0.502657364960152
deepGini_apfd,0.5493892439528346
leastConfidence_apfd,0.5494180874386461
margin_apfd,0.5494180874386461
