Approach,apfd
random_apfd,0.5135188230869879
deepGini_apfd,0.6040212298846044
leastConfidence_apfd,0.6037894350177229
margin_apfd,0.6037894350177229
