Approach,apfd
random_apfd,0.4977559054361551
deepGini_apfd,0.6343889469726108
leastConfidence_apfd,0.6343580064674648
margin_apfd,0.6343580064674648
