Approach,apfd
random_apfd,0.4961956192778
deepGini_apfd,0.656443905941237
leastConfidence_apfd,0.6566850979839376
margin_apfd,0.6566850979839376
