Approach,apfd
random_apfd,0.49861756453411116
deepGini_apfd,0.4909796844937235
leastConfidence_apfd,0.49094021199681653
margin_apfd,0.49094021199681653
