Approach,apfd
random_apfd,0.49688153415179137
deepGini_apfd,0.6376938194840899
leastConfidence_apfd,0.6383017639549902
margin_apfd,0.6383017639549902
