Approach,apfd
random_apfd,0.5030432478632479
deepGini_apfd,0.8980702564102564
leastConfidence_apfd,0.8982973504273505
margin_apfd,0.8990434188034188
