Approach,apfd
random_apfd,0.5161184269348981
deepGini_apfd,0.8961132858340318
leastConfidence_apfd,0.8965755378597373
margin_apfd,0.8981950125733446
