Approach,apfd
random_apfd,0.5043354088390124
deepGini_apfd,0.627860518969032
leastConfidence_apfd,0.62790587204552
margin_apfd,0.62790587204552
