Approach,apfd
random_apfd,0.49806577652343864
deepGini_apfd,0.5672566371401067
leastConfidence_apfd,0.5672570806530893
margin_apfd,0.5672570806530893
