Approach,apfd
random_apfd,0.505784679532374
deepGini_apfd,0.6798118425651147
leastConfidence_apfd,0.6798082601531413
margin_apfd,0.6798082601531413
