Approach,mutation_feature_apfd,mutation_model_apfd,fusion_2_feature_apfd,fusion_3_feature_apfd
lr,0.6141141131908404,0.6268269609169393,0.6346006837690926,0.6449362655877217
rf,0.6141141131908404,0.6268269609169393,0.6346006837690926,0.7858938190225546
xgb,0.6141141131908404,0.6268269609169393,0.6346006837690926,0.7801122807880562
lgb,0.6141141131908404,0.6268269609169393,0.6346006837690926,0.7833362643579213
