Approach,apfd
random_apfd,0.4992085218702865
deepGini_apfd,0.9066872850678733
leastConfidence_apfd,0.9069846304675716
margin_apfd,0.9083362141779788
