Approach,apfd
random_apfd,0.4995499865497126
deepGini_apfd,0.6089427582792968
leastConfidence_apfd,0.6088804570395364
margin_apfd,0.6088804570395364
