Approach,apfd
random_apfd,0.4916255769792579
deepGini_apfd,0.8999995471808355
leastConfidence_apfd,0.9004896143733567
margin_apfd,0.9018185363716038
