Approach,apfd
random_apfd,0.5013877944736851
deepGini_apfd,0.6380720025157602
leastConfidence_apfd,0.6380605405938433
margin_apfd,0.6380605405938433
