Approach,apfd
random_apfd,0.4884679214281116
deepGini_apfd,0.6287131147002494
leastConfidence_apfd,0.6287298643237691
margin_apfd,0.6287298643237691
