Approach,apfd
random_apfd,0.5036496604186474
deepGini_apfd,0.609724078412675
leastConfidence_apfd,0.6097748440722539
margin_apfd,0.6097748440722539
