Approach,apfd
random_apfd,0.5145221452754694
deepGini_apfd,0.8947034626038781
leastConfidence_apfd,0.8947026008002462
margin_apfd,0.892300323176362
