Approach,apfd
random_apfd,0.49872444285531115
deepGini_apfd,0.5007986073045299
leastConfidence_apfd,0.4999727863064568
margin_apfd,0.4999727863064568
