Approach,apfd
random_apfd,0.5098135467925327
deepGini_apfd,0.6211105602911238
leastConfidence_apfd,0.6212273907044206
margin_apfd,0.6212273907044206
