Approach,apfd
random_apfd,0.5054835208093764
deepGini_apfd,0.5866018343109662
leastConfidence_apfd,0.5863931813382143
margin_apfd,0.5863931813382143
