Approach,apfd
random_apfd,0.4997249143969612
deepGini_apfd,0.6522415196660338
leastConfidence_apfd,0.6523369210538748
margin_apfd,0.6523369210538748
