Approach,apfd
random_apfd,0.5091105209247878
deepGini_apfd,0.8989850892595844
leastConfidence_apfd,0.8992459321041849
margin_apfd,0.9003892742171495
