Approach,apfd
random_apfd,0.5009550359002947
deepGini_apfd,0.5221503580166676
leastConfidence_apfd,0.5220355951890314
margin_apfd,0.5220355951890314
