Approach,mutation_feature_apfd,mutation_model_apfd,fusion_2_feature_apfd,fusion_3_feature_apfd
lr,0.6515813282418506,0.664284346174062,0.6654509492141178,0.7262016343443061
rf,0.6515813282418506,0.664222722218459,0.6662840890162164,0.797736934801178
xgb,0.6515813282418506,0.6645383096436858,0.6669485403795994,0.819908062050775
lgb,0.6515813282418506,0.6641407050279775,0.666637585857317,0.8208134032124591
