Approach,mutation_feature_apfd,mutation_model_apfd,fusion_2_feature_apfd,fusion_3_feature_apfd
lr,0.5005472499216337,0.513019144015154,0.513019144015154,0.5401351529275186
rf,0.5005472499216337,0.513019144015154,0.513019144015154,0.5475742962007908
xgb,0.5005472499216337,0.513019144015154,0.513019144015154,0.5471832083208158
lgb,0.5005472499216337,0.513019144015154,0.513019144015154,0.5473222602040339
