Approach,apfd
random_apfd,0.4951790817842019
deepGini_apfd,0.5919735384269048
leastConfidence_apfd,0.5921369823819759
margin_apfd,0.5921369823819759
