Approach,apfd
random_apfd,0.5055727299880526
deepGini_apfd,0.9051258960573477
leastConfidence_apfd,0.9054242532855435
margin_apfd,0.9066156810035843
