Approach,mutation_feature_apfd,mutation_model_apfd,fusion_2_feature_apfd,fusion_3_feature_apfd
lr,0.6547537851037851,0.6295587301587301,0.7270859584859585,0.7667411477411478
rf,0.6530706654456654,0.6456125152625153,0.7497244505494506,0.9486192307692308
xgb,0.6560778388278389,0.6453538461538462,0.7449028083028083,0.9249907509157509
lgb,0.6565931318681318,0.6525830280830281,0.7485973443223443,0.9293832417582417
