Approach,apfd
random_apfd,0.5008036712131404
deepGini_apfd,0.3650453321852369
leastConfidence_apfd,0.36494791726833614
margin_apfd,0.36494791726833614
