Approach,apfd
random_apfd,0.49781857393476014
deepGini_apfd,0.6084795365833967
leastConfidence_apfd,0.6091505266770939
margin_apfd,0.6091505266770939
