Approach,apfd
random_apfd,0.506614033727517
deepGini_apfd,0.6047011302478941
leastConfidence_apfd,0.6045857459532956
margin_apfd,0.6045857459532956
