Approach,apfd
random_apfd,0.5003359872616124
deepGini_apfd,0.49481619843521263
leastConfidence_apfd,0.494790807528977
margin_apfd,0.494790807528977
