Approach,apfd
random_apfd,0.49914360141727765
deepGini_apfd,0.5721800461554157
leastConfidence_apfd,0.5721906489025093
margin_apfd,0.5721906489025093
