Approach,apfd
random_apfd,0.5235568045563549
deepGini_apfd,0.9056798261390887
leastConfidence_apfd,0.9059767386091128
margin_apfd,0.9072994604316547
