Approach,apfd
random_apfd,0.4980505220372372
deepGini_apfd,0.5773671702872599
leastConfidence_apfd,0.5774384643595891
margin_apfd,0.5774384643595891
