Approach,apfd
random_apfd,0.49482673517916076
deepGini_apfd,0.6480095568299893
leastConfidence_apfd,0.6482059096739443
margin_apfd,0.6482059096739443
