Approach,apfd
random_apfd,0.5000198727284574
deepGini_apfd,0.5301193981427682
leastConfidence_apfd,0.5300707329623263
margin_apfd,0.5300707329623263
