Approach,mutation_feature_apfd,mutation_model_apfd,fusion_2_feature_apfd,fusion_3_feature_apfd
lr,0.5847357333939671,0.6246930053906481,0.6392189509141766,0.7211462031548046
rf,0.5830690575632248,0.6249362538426162,0.6391905114760179,0.7873258384748033
xgb,0.5830690575632248,0.6246782658605545,0.639060974571261,0.8205519505827451
lgb,0.5847604763982466,0.6246687013378919,0.6390188352250372,0.8213997276929572
