Approach,apfd
random_apfd,0.5039963073728966
deepGini_apfd,0.631022795983406
leastConfidence_apfd,0.631278975122141
margin_apfd,0.631278975122141
