Approach,apfd
random_apfd,0.4999078582371176
deepGini_apfd,0.5124634350801548
leastConfidence_apfd,0.5126076394164881
margin_apfd,0.5126076394164881
