Approach,apfd
random_apfd,0.5069278214333601
deepGini_apfd,0.6110557215624519
leastConfidence_apfd,0.6108378836096651
margin_apfd,0.6108378836096651
