Approach,mutation_feature_apfd,mutation_model_apfd,fusion_2_feature_apfd,fusion_3_feature_apfd
lr,0.5393044454523352,0.5477911720037026,0.5489712763858104,0.5676270814548952
rf,0.5393044454523352,0.5479578192272846,0.5487549293670895,0.5794398020294219
xgb,0.5393044454523352,0.5479578192272846,0.5487549293670895,0.5790822873135509
lgb,0.5393044454523352,0.5479578192272846,0.5487549293670895,0.5791538960125686
