Approach,apfd
random_apfd,0.5017651109124736
deepGini_apfd,0.536984889758526
leastConfidence_apfd,0.5379165135771174
margin_apfd,0.5379165135771174
