Approach,mutation_feature_apfd,mutation_model_apfd,fusion_2_feature_apfd,fusion_3_feature_apfd
lr,0.5369857499674275,0.5838428718136252,0.5844252545400382,0.6069267663042952
rf,0.5369857499674275,0.5847169866260998,0.5851748416860326,0.7285240700115686
xgb,0.5369857499674275,0.5847169866260998,0.5851748416860326,0.7709525264056761
lgb,0.5369857499674275,0.5847169866260998,0.5851657865958323,0.7623981455691781
