Approach,apfd
random_apfd,0.5001885858926386
deepGini_apfd,0.5450628431437098
leastConfidence_apfd,0.5451946262354183
margin_apfd,0.5451946262354183
