Approach,mutation_feature_apfd,mutation_model_apfd,fusion_2_feature_apfd,fusion_3_feature_apfd
lr,0.5875613798621331,0.6251260888250288,0.6386897833016464,0.7215603885709776
rf,0.5875321087263516,0.6248988274495886,0.6385548865677646,0.7952816038050351
xgb,0.5875259634050274,0.6246351330977258,0.6388889055741807,0.8210140279203664
lgb,0.5875259634050274,0.6250847118682927,0.6387949237428001,0.8220777229745517
