Approach,apfd
random_apfd,0.5028325597865054
deepGini_apfd,0.6862963179732041
leastConfidence_apfd,0.6862241721238281
margin_apfd,0.6862241721238281
