Approach,apfd
random_apfd,0.49963626106144354
deepGini_apfd,0.706636038126436
leastConfidence_apfd,0.7068569894674583
margin_apfd,0.7068569894674583
