Approach,apfd
random_apfd,0.5005418259140629
deepGini_apfd,0.49262214482330174
leastConfidence_apfd,0.4927938451685579
margin_apfd,0.4927938451685579
