Approach,mutation_feature_apfd,mutation_model_apfd,fusion_2_feature_apfd,fusion_3_feature_apfd
lr,0.6955605009969412,0.6951789209194151,0.7030015375925072,0.7550378888075185
rf,0.6969317835802983,0.6946563663514473,0.7030457980724543,0.8006500600433565
xgb,0.6969207454703684,0.694328914427998,0.7034473475854,0.8146364437334597
lgb,0.6969229422883316,0.6949769757271422,0.7041257141684134,0.8168314250127893
