Approach,mutation_feature_apfd,mutation_model_apfd,fusion_2_feature_apfd,fusion_3_feature_apfd
lr,0.5737416714954119,0.6264892254541174,0.6407772383187808,0.6562560369609048
rf,0.5753170274839149,0.6327269084891721,0.6442669136322572,0.7984018109272721
xgb,0.5753137169090543,0.6327278308383869,0.6442669630438222,0.7984282955261567
lgb,0.5752652606342293,0.6328339174686205,0.6441601681811558,0.7924894206956816
