Approach,apfd
random_apfd,0.505911128464963
deepGini_apfd,0.6044710627936148
leastConfidence_apfd,0.6074631982192489
margin_apfd,0.6074631982192489
