Approach,apfd
random_apfd,0.5003644117225713
deepGini_apfd,0.4785373683271888
leastConfidence_apfd,0.4789182863555344
margin_apfd,0.4789182863555344
