Approach,apfd
random_apfd,0.49705780458200943
deepGini_apfd,0.6295232792827884
leastConfidence_apfd,0.6292608536502797
margin_apfd,0.6292608536502797
