Approach,apfd
random_apfd,0.5045158460487226
deepGini_apfd,0.5918857613016896
leastConfidence_apfd,0.5916939482501339
margin_apfd,0.5916939482501339
