Approach,apfd
random_apfd,0.4980793384261395
deepGini_apfd,0.6238111878028013
leastConfidence_apfd,0.6237833185820596
margin_apfd,0.6237833185820596
