Approach,apfd
random_apfd,0.5005338175553771
deepGini_apfd,0.6594034756899582
leastConfidence_apfd,0.6596579529978699
margin_apfd,0.6596579529978699
