Approach,apfd
random_apfd,0.5009546903921697
deepGini_apfd,0.6175281592307589
leastConfidence_apfd,0.6169882496819243
margin_apfd,0.6169882496819243
