Approach,apfd
random_apfd,0.5038043458197633
deepGini_apfd,0.615300326419691
leastConfidence_apfd,0.6151841552628089
margin_apfd,0.6151841552628089
