Approach,mutation_feature_apfd,mutation_model_apfd,fusion_2_feature_apfd,fusion_3_feature_apfd
lr,0.6290832147721562,0.6139513125088149,0.6745007007194752,0.6952218464819373
rf,0.6670045140648659,0.6359963178704733,0.7201580136224216,0.883489963908093
xgb,0.6664908106475652,0.6359483183159639,0.7199467985008879,0.8835566109763651
lgb,0.6667538402348209,0.6361363877448426,0.7187964888923736,0.8825417876548677
