Approach,apfd
random_apfd,0.4981943657640651
deepGini_apfd,0.4843561734496306
leastConfidence_apfd,0.484650917440733
margin_apfd,0.484650917440733
