Approach,apfd
random_apfd,0.4952922538392248
deepGini_apfd,0.6134457523266714
leastConfidence_apfd,0.6138179775361303
margin_apfd,0.6138179775361303
