Approach,apfd
random_apfd,0.49375162958506147
deepGini_apfd,0.5740343570018486
leastConfidence_apfd,0.5746924935201998
margin_apfd,0.5746924935201998
