Approach,apfd
random_apfd,0.5015494362646521
deepGini_apfd,0.5853606401744891
leastConfidence_apfd,0.585436711972086
margin_apfd,0.585436711972086
