Approach,apfd
random_apfd,0.49987496925737407
deepGini_apfd,0.5866049567914986
leastConfidence_apfd,0.5864159728025586
margin_apfd,0.5864159728025586
