Approach,apfd
random_apfd,0.503306091954023
deepGini_apfd,0.8911047892720306
leastConfidence_apfd,0.8916556960408685
margin_apfd,0.8926637420178799
