Approach,apfd
random_apfd,0.4921266627719155
deepGini_apfd,0.7025976978015718
leastConfidence_apfd,0.7030286762955114
margin_apfd,0.7030286762955114
