Approach,apfd
random_apfd,0.49293491071428575
deepGini_apfd,0.906084761904762
leastConfidence_apfd,0.9064617857142857
margin_apfd,0.9078722916666667
