Approach,apfd
random_apfd,0.5024249740552733
deepGini_apfd,0.5304690993979289
leastConfidence_apfd,0.5307553098863715
margin_apfd,0.5307553098863715
