Approach,mutation_feature_apfd,mutation_model_apfd,fusion_2_feature_apfd,fusion_3_feature_apfd
lr,0.6613889595470159,0.6699087579542093,0.6688952722474868,0.7301006516402682
rf,0.6613889595470159,0.6716000860305781,0.6737984568265056,0.7952586811264215
xgb,0.6613889595470159,0.6713945639428476,0.673498342463742,0.8172261135893156
lgb,0.6613889595470159,0.6723455120370427,0.673769483547686,0.8203308041170595
