Approach,apfd
random_apfd,0.4963681838305826
deepGini_apfd,0.6383250731731314
leastConfidence_apfd,0.6356955751777061
margin_apfd,0.6356955751777061
