Approach,apfd
random_apfd,0.5019253420908593
deepGini_apfd,0.8698781609195402
leastConfidence_apfd,0.8704238095238095
margin_apfd,0.8727426108374384
