Approach,mutation_feature_apfd,mutation_model_apfd,fusion_2_feature_apfd,fusion_3_feature_apfd
lr,0.5274864126132097,0.5268440095377196,0.5274977975685895,0.7087267119504874
rf,0.5274857050736099,0.5268440095377196,0.5274978833309651,0.8123568639349249
xgb,0.5274864126132097,0.5268440095377196,0.5274977975685895,0.8274546440851758
lgb,0.5273571043911858,0.5271949491792529,0.5274984622270015,0.8293938600442503
