Approach,apfd
random_apfd,0.4994755850792944
deepGini_apfd,0.4825270651313978
leastConfidence_apfd,0.4825880170713864
margin_apfd,0.4825880170713864
