Approach,mutation_feature_apfd,mutation_model_apfd,fusion_2_feature_apfd,fusion_3_feature_apfd
lr,0.6626962561647473,0.6705600533532479,0.6713002479631882,0.7361983140866807
rf,0.6639049039051002,0.6704930481052087,0.6737579399121593,0.7836581641007037
xgb,0.6642502891493481,0.6701414073356265,0.6731873375182007,0.7938945744460951
lgb,0.6642502161986154,0.6699599971009378,0.6740659196681851,0.7968680098379899
