Approach,apfd
random_apfd,0.5012478153050327
deepGini_apfd,0.4871986553944116
leastConfidence_apfd,0.48700377381543775
margin_apfd,0.48700377381543775
