Approach,apfd
random_apfd,0.4997420674369278
deepGini_apfd,0.5180429311053476
leastConfidence_apfd,0.5176523210810166
margin_apfd,0.5176523210810166
