Approach,apfd
random_apfd,0.4991899766033482
deepGini_apfd,0.5301657228617425
leastConfidence_apfd,0.5301837250653758
margin_apfd,0.5301837250653758
