Approach,apfd
random_apfd,0.498119723863909
deepGini_apfd,0.5438037541953005
leastConfidence_apfd,0.5435780179882478
margin_apfd,0.5435780179882478
