Approach,apfd
random_apfd,0.4967674043962662
deepGini_apfd,0.906252679915688
leastConfidence_apfd,0.9065601776573321
margin_apfd,0.9079488858777477
