Approach,mutation_feature_apfd,mutation_model_apfd,fusion_2_feature_apfd,fusion_3_feature_apfd
lr,0.6102542502422506,0.6077052698492222,0.6552305167629272,0.6713433708207158
rf,0.6303720254028026,0.6422288662945538,0.6917485739374142,0.8768373632101105
xgb,0.6297251441550457,0.6422338493488023,0.6918352252104836,0.876792596528158
lgb,0.6298670938625607,0.6422413104624611,0.6915212927928202,0.875745831910806
