Approach,apfd
random_apfd,0.5008572592673162
deepGini_apfd,0.5775983764667698
leastConfidence_apfd,0.5778025338022219
margin_apfd,0.5778025338022219
