Approach,apfd
random_apfd,0.49969776469384536
deepGini_apfd,0.5017134921802806
leastConfidence_apfd,0.5013145625689656
margin_apfd,0.5013145625689656
