Approach,apfd
random_apfd,0.49629033820752133
deepGini_apfd,0.4733301073043388
leastConfidence_apfd,0.47320084890354674
margin_apfd,0.47320084890354674
