Approach,apfd
random_apfd,0.4992147781774581
deepGini_apfd,0.9064826738609113
leastConfidence_apfd,0.9067763189448441
margin_apfd,0.9081163369304557
