Approach,apfd
random_apfd,0.5005216764001287
deepGini_apfd,0.5068553801308565
leastConfidence_apfd,0.5071936242189351
margin_apfd,0.5071936242189351
