Approach,apfd
random_apfd,0.49863094267117763
deepGini_apfd,0.48816231544238414
leastConfidence_apfd,0.4879827418316483
margin_apfd,0.4879827418316483
