Approach,apfd
random_apfd,0.5066169497381113
deepGini_apfd,0.538092215519214
leastConfidence_apfd,0.5376634548984658
margin_apfd,0.5376634548984658
