Approach,apfd
random_apfd,0.49735372818566004
deepGini_apfd,0.6144069524757296
leastConfidence_apfd,0.6149338885318172
margin_apfd,0.6149338885318172
