Approach,apfd
random_apfd,0.5016918295234336
deepGini_apfd,0.6815026951465005
leastConfidence_apfd,0.6819049365665554
margin_apfd,0.6819049365665554
