Approach,mutation_feature_apfd,mutation_model_apfd,fusion_2_feature_apfd,fusion_3_feature_apfd
lr,0.6414194784866771,0.7030188676383149,0.704445986511152,0.7599864396253926
rf,0.6404176774113148,0.7028878509599379,0.7046182736081015,0.7906097167647282
xgb,0.6404181555743746,0.7030089251443479,0.7046791487121247,0.8095736307384451
lgb,0.6399769429772579,0.7030547628445604,0.7046101613244669,0.810581136793762
