Approach,apfd
random_apfd,0.49943392788501323
deepGini_apfd,0.5068553801308565
leastConfidence_apfd,0.5071936242189351
margin_apfd,0.5071936242189351
