Approach,apfd
random_apfd,0.5000028130452017
deepGini_apfd,0.48663663960119
leastConfidence_apfd,0.4866114305074473
margin_apfd,0.4866114305074473
