Approach,apfd
random_apfd,0.485807274895647
deepGini_apfd,0.9013073345259391
leastConfidence_apfd,0.9017826475849732
margin_apfd,0.9036117769827072
