Approach,apfd
random_apfd,0.4967326874552667
deepGini_apfd,0.5769979104242234
leastConfidence_apfd,0.5737928074921451
margin_apfd,0.5737928074921451
