Approach,apfd
random_apfd,0.49308337692088045
deepGini_apfd,0.6520823309018751
leastConfidence_apfd,0.651864721664255
margin_apfd,0.651864721664255
