Approach,apfd
random_apfd,0.5055622882373321
deepGini_apfd,0.6776735958847273
leastConfidence_apfd,0.677935831055773
margin_apfd,0.677935831055773
