Approach,apfd
random_apfd,0.5188865050867744
deepGini_apfd,0.9064485936564931
leastConfidence_apfd,0.9067115499700779
margin_apfd,0.9080162178336325
