Approach,apfd
random_apfd,0.498235609268942
deepGini_apfd,0.4873990933531241
leastConfidence_apfd,0.48728749024056467
margin_apfd,0.48728749024056467
