Approach,apfd
random_apfd,0.49596646279733303
deepGini_apfd,0.6622663574965979
leastConfidence_apfd,0.6626964567792624
margin_apfd,0.6626964567792624
