Approach,apfd
random_apfd,0.5019047681539808
deepGini_apfd,0.8913670312044327
leastConfidence_apfd,0.8918291484397783
margin_apfd,0.8936100758238553
