Approach,apfd
random_apfd,0.5005782801048442
deepGini_apfd,0.6098449308835103
leastConfidence_apfd,0.6098785335696981
margin_apfd,0.6098785335696981
