Approach,apfd
random_apfd,0.5047604696388952
deepGini_apfd,0.5932059953530148
leastConfidence_apfd,0.5930981722648294
margin_apfd,0.5930981722648294
