Approach,mutation_feature_apfd,mutation_model_apfd,fusion_2_feature_apfd,fusion_3_feature_apfd
lr,0.6561463173601346,0.6655698467320522,0.6657288356322345,0.6772946661510214
rf,0.656151905911579,0.6653944924594585,0.6654389545436771,0.6967206711126699
xgb,0.6561609122548159,0.6653985106741332,0.6653450345489486,0.6962429654301138
lgb,0.6561619129596199,0.6653993959129985,0.6656791775807639,0.6963875441811171
