Approach,apfd
random_apfd,0.5056628387195506
deepGini_apfd,0.6036425677645905
leastConfidence_apfd,0.6040774771532977
margin_apfd,0.6040774771532977
