Approach,apfd
random_apfd,0.4980273288402608
deepGini_apfd,0.5385444216213674
leastConfidence_apfd,0.5383034853627527
margin_apfd,0.5383034853627527
