Approach,apfd
random_apfd,0.5013832926545793
deepGini_apfd,0.8360510808926082
leastConfidence_apfd,0.836750389353789
margin_apfd,0.8353776557415156
