Approach,apfd
random_apfd,0.5063922268069826
deepGini_apfd,0.5971176518552128
leastConfidence_apfd,0.5971881968333691
margin_apfd,0.5971881968333691
