Approach,apfd
random_apfd,0.5045183598299661
deepGini_apfd,0.6267177506610471
leastConfidence_apfd,0.6265858566811764
margin_apfd,0.6265858566811764
