Approach,apfd
random_apfd,0.4957617193247167
deepGini_apfd,0.460376881591573
leastConfidence_apfd,0.4595461548214296
margin_apfd,0.4595461548214296
