Approach,apfd
random_apfd,0.49879472379333667
deepGini_apfd,0.6743290625911912
leastConfidence_apfd,0.6743004351183611
margin_apfd,0.6743004351183611
