Approach,mutation_feature_apfd,mutation_model_apfd,fusion_2_feature_apfd,fusion_3_feature_apfd
lr,0.6529048312104845,0.6637487909507013,0.6643321144778503,0.6765419768537565
rf,0.6533025517971772,0.6636785893142695,0.6642399895583143,0.6934339501043104
xgb,0.6533007730009751,0.6636939751412471,0.6641898563918534,0.6936032854213817
lgb,0.6533007730009751,0.6636939751412471,0.6641444058683855,0.6939018647257417
