Approach,apfd
random_apfd,0.5088972071230047
deepGini_apfd,0.6609556779890302
leastConfidence_apfd,0.6591715141304081
margin_apfd,0.6591715141304081
