Approach,mutation_feature_apfd,mutation_model_apfd,fusion_2_feature_apfd,fusion_3_feature_apfd
lr,0.6413841768621611,0.6985955790329588,0.7001950839330335,0.7522650625362259
rf,0.6403498277219717,0.6987821780449386,0.7003792426645705,0.7937809436422673
xgb,0.6403498771871158,0.698654640415031,0.7003826887362772,0.8098647990650824
lgb,0.64022344427876,0.6985623219677326,0.7002609220398495,0.8106623585603974
