Approach,mutation_feature_apfd,mutation_model_apfd,fusion_2_feature_apfd,fusion_3_feature_apfd
lr,0.4989786674474128,0.4989786674474128,0.4989786674474128,0.6864458015369115
rf,0.4989786674474128,0.4989786674474128,0.4989786674474128,0.7765216688495105
xgb,0.4989786674474128,0.4989786674474128,0.4989786674474128,0.8022187056555259
lgb,0.4989786674474128,0.4989786674474128,0.4989786674474128,0.8045163205521868
