Approach,mutation_feature_apfd,mutation_model_apfd,fusion_2_feature_apfd,fusion_3_feature_apfd
lr,0.6515813282418506,0.664284346174062,0.665586932319719,0.7275051936111295
rf,0.6515813282418506,0.6643060298522265,0.6671347238445022,0.7983996303154999
xgb,0.6515813282418506,0.6645383096436858,0.6669522213161853,0.8200607574546688
lgb,0.6515813282418506,0.6641407050279775,0.6666362107947992,0.8210041561158825
