Approach,apfd
random_apfd,0.49151902298472405
deepGini_apfd,0.655653437584362
leastConfidence_apfd,0.6527436059378353
margin_apfd,0.6527436059378353
