Approach,apfd
random_apfd,0.5056569624872921
deepGini_apfd,0.5960072841008325
leastConfidence_apfd,0.5958709479347454
margin_apfd,0.5958709479347454
