Approach,apfd
random_apfd,0.4978298346717405
deepGini_apfd,0.4872856535366202
leastConfidence_apfd,0.48722960604879534
margin_apfd,0.48722960604879534
