Approach,apfd
random_apfd,0.481789837398374
deepGini_apfd,0.903446537187594
leastConfidence_apfd,0.9037388587774766
margin_apfd,0.9052316019271304
