Approach,apfd
random_apfd,0.5046246124655986
deepGini_apfd,0.5403259174473436
leastConfidence_apfd,0.5402979078449165
margin_apfd,0.5402979078449165
