Approach,apfd
random_apfd,0.5115210930442639
deepGini_apfd,0.9023267539897621
leastConfidence_apfd,0.9027550587172538
margin_apfd,0.904110162601626
