Approach,apfd
random_apfd,0.497653791167769
deepGini_apfd,0.6387156831874582
leastConfidence_apfd,0.6386879059725435
margin_apfd,0.6386879059725435
