Approach,apfd
random_apfd,0.49919048534895116
deepGini_apfd,0.6091551631789125
leastConfidence_apfd,0.608684559372473
margin_apfd,0.608684559372473
