Approach,mutation_feature_apfd,mutation_model_apfd,fusion_2_feature_apfd,fusion_3_feature_apfd
lr,0.4999447358745893,0.5875237705567583,0.5875237705567583,0.6033738010378163
rf,0.4999447358745893,0.5875237705567583,0.5875237705567583,0.5881059791155075
xgb,0.4999447358745893,0.5875237705567583,0.5875237705567583,0.6209755779383909
lgb,0.4999447358745893,0.5875237705567583,0.5875237705567583,0.6250253144276025
