Approach,apfd
random_apfd,0.4938268304245882
deepGini_apfd,0.5843461706113668
leastConfidence_apfd,0.5841153664514313
margin_apfd,0.5841153664514313
