Approach,mutation_feature_apfd,mutation_model_apfd,fusion_2_feature_apfd,fusion_3_feature_apfd
lr,0.6944155626906122,0.7027376313296493,0.7052747580033949,0.7606733030976753
rf,0.6946584731358874,0.7025964767721613,0.7059706451100003,0.7914445104490205
xgb,0.6946707176950265,0.7025920831362349,0.7062860865614703,0.8164676355594241
lgb,0.6953163480890474,0.7028547469364743,0.7065884551453888,0.817159183050217
