Approach,apfd
random_apfd,0.5110834856562579
deepGini_apfd,0.8367050901243971
leastConfidence_apfd,0.8365094567149023
margin_apfd,0.8351205762883981
