Approach,apfd
random_apfd,0.5021077609769522
deepGini_apfd,0.48724324124079005
leastConfidence_apfd,0.48704642751743626
margin_apfd,0.48704642751743626
