Approach,apfd
random_apfd,0.5013986551666715
deepGini_apfd,0.488239378282132
leastConfidence_apfd,0.4885259342495923
margin_apfd,0.4885259342495923
